Variedad_Cientifica,Variedad_Comun,Ciclo,Provincia,Zona_Climatica,Cesped_Base,Tipo_Suelo,pH_Suelo,Fecha_Resiembra,Mes,Nombre_Mes,Temperatura_C,Precipitacion_mm,Humedad_Pct,Fertilizante,N_Fertilizante,P_Fertilizante,K_Fertilizante,Frecuencia_Riego,Densidad_Siembra_kg_100m2,Calidad_Visual,Color,Densidad_Cesped,Textura,Resistencia_Enfermedades,Dias_Germinacion,Categoria_Calidad
Lolium multiflorum,Rye Grass Anual,Anual,Bahia Blanca,Sur,Rye Grass Perenne,Arenoso-franco,6.5,2025-07-01,7,Julio,7.2,27.2,76.0,NPK 20-10-10,20,10,10,Cada 2 dias,5.0,7.2,7.1,7.1,7.2,7.1,9,Alta
Lolium perenne,Rye Grass Perenne,Perenne,Mendoza,Cuyo,Bermuda,Arenoso,6.7,2024-05-01,5,Mayo,13.4,0.0,78.2,Sin fertilizante,0,0,0,Diario,3.7,8.3,8.5,7.6,8.4,7.6,10,Alta
Lolium perenne,Rye Grass Perenne,Perenne,Bahia Blanca,Sur,Rye Grass Perenne,Arenoso-franco,6.1,2025-03-01,3,Marzo,20.7,68.1,67.5,Urea (N puro),46,0,0,Diario,3.6,7.7,7.8,8.2,7.6,7.0,8,Alta
Lolium perenne,Rye Grass Perenne,Perenne,Cordoba,Pampeana,Bermuda,Franco,6.8,2024-07-01,7,Julio,7.4,20.2,75.9,NPK 15-15-15,15,15,15,Cada 2 dias,3.2,7.5,7.5,7.5,7.5,6.8,13,Alta
Lolium multiflorum,Rye Grass Anual,Anual,Rosario,Pampeana,Bermuda,Franco-limoso,7.0,2024-06-01,6,Junio,10.0,51.1,82.1,Sin fertilizante,0,0,0,Cada 3 dias,5.0,7.2,7.4,6.8,7.7,6.8,8,Alta
Lolium perenne,Rye Grass Perenne,Perenne,Mendoza,Cuyo,Bermuda,Arenoso,6.3,2025-08-01,8,Agosto,9.8,6.6,69.8,NPK 15-15-15,15,15,15,Cada 2 dias,4.0,7.3,7.2,6.9,7.2,7.2,12,Alta
Lolium multiflorum,Rye Grass Anual,Anual,Bahia Blanca,Sur,Rye Grass Perenne,Arenoso-franco,6.3,2025-05-01,5,Mayo,12.7,44.5,82.9,Sin fertilizante,0,0,0,Cada 2 dias,5.3,7.5,7.8,7.3,7.5,7.2,6,Alta
Lolium multiflorum,Rye Grass Anual,Anual,Santa Fe,Pampeana,Bermuda,Franco-limoso,6.8,2024-08-01,8,Agosto,8.3,39.5,82.0,Sin fertilizante,0,0,0,Diario,4.4,6.8,,6.6,6.8,6.5,9,Media
Lolium perenne,Rye Grass Perenne,Perenne,Entre Rios,Litoral,Kikuyo,Arcilloso,6.3,2025-08-01,8,Agosto,13.4,55.0,57.7,NPK 20-10-10,20,10,10,Diario,3.6,8.2,7.8,8.1,8.3,7.8,11,Alta
Lolium multiflorum,Rye Grass Anual,Anual,Buenos Aires,Pampeana,Bermuda,Franco-arcilloso,6.4,2024-04-01,4,Abril,14.4,107.9,73.0,NPK 15-15-15,15,15,15,Diario,4.8,8.0,8.0,8.1,8.0,7.2,9,Alta
Lolium perenne,Rye Grass Perenne,Perenne,Mar del Plata,Sur,Rye Grass Perenne,Franco,6.4,2025-04-01,4,Abril,15.6,73.6,60.4,NPK 15-15-15,15,15,15,Cada 2 dias,3.7,9.0,8.9,9.0,9.0,8.6,10,Alta
Lolium multiflorum,Rye Grass Anual,Anual,Buenos Aires,Pampeana,Bermuda,Franco-arcilloso,6.6,2025-05-01,5,Mayo,12.9,67.9,54.1,NPK 20-10-10,20,10,10,Cada 2 dias,5.0,7.9,7.9,8.1,7.5,7.9,7,Alta
Lolium multiflorum,Rye Grass Anual,Anual,Tucuman,NOA,Kikuyo,Franco-arcilloso,6.6,2025-07-01,7,Julio,11.5,13.1,64.3,Sin fertilizante,0,0,0,Cada 2 dias,5.1,7.2,7.0,7.4,7.4,6.4,8,Alta
Lolium multiflorum,Rye Grass Anual,Anual,Tucuman,NOA,Kikuyo,Franco-arcilloso,6.4,2024-05-01,5,Mayo,18.9,0.0,84.1,NPK 15-15-15,15,15,15,Cada 2 dias,5.2,8.0,7.8,8.2,8.0,7.7,4,Alta
Lolium perenne,Rye Grass Perenne,Perenne,Mar del Plata,Sur,Rye Grass Perenne,Franco,6.6,2025-03-01,3,Marzo,16.9,85.4,52.7,NPK 15-15-15,15,15,15,Cada 3 dias,3.3,8.5,8.6,8.4,8.6,8.2,11,Alta
Lolium perenne,Rye Grass Perenne,Perenne,Santa Fe,Pampeana,Bermuda,Franco-limoso,6.7,2024-05-01,5,Mayo,12.5,57.7,78.1,Urea (N puro),46,0,0,Diario,3.4,9.0,9.0,8.9,9.0,8.6,11,Alta
Lolium multiflorum,Rye Grass Anual,Anual,Mar del Plata,Sur,Rye Grass Perenne,Franco,6.9,2025-07-01,7,Julio,6.3,61.4,51.1,NPK 20-10-10,20,10,10,Diario,4.7,7.3,7.5,7.7,6.9,6.9,7,Alta
Lolium multiflorum,Rye Grass Anual,Anual,Tucuman,NOA,Kikuyo,Franco-arcilloso,6.2,2025-03-01,3,Marzo,24.6,138.8,58.0,NPK 15-15-15,15,15,15,Cada 3 dias,5.0,6.6,6.8,6.3,6.2,6.2,5,Media
Lolium multiflorum,Rye Grass Anual,Anual,Buenos Aires,Pampeana,Bermuda,Franco-arcilloso,6.6,2025-07-01,7,Julio,8.4,45.6,62.5,NPK 15-15-15,15,15,15,Diario,4.7,7.6,8.1,7.8,7.6,7.3,9,Alta
Lolium perenne,Rye Grass Perenne,Perenne,Rosario,Pampeana,Bermuda,Franco-limoso,6.6,2024-06-01,6,Junio,9.7,48.5,70.3,NPK 15-15-15,15,15,15,Diario,3.8,8.1,7.9,8.1,8.4,7.6,13,Alta
Lolium multiflorum,Rye Grass Anual,Anual,Rosario,Pampeana,Bermuda,Franco-limoso,6.3,2025-05-01,5,Mayo,13.6,66.5,64.6,NPK 15-15-15,15,15,15,Diario,4.9,8.2,8.3,8.2,8.0,8.3,7,Alta
Lolium multiflorum,Rye Grass Anual,Anual,Tucuman,NOA,Kikuyo,Franco-arcilloso,6.3,2024-04-01,4,Abril,20.1,61.2,65.1,Sin fertilizante,0,0,0,Diario,5.1,7.4,,7.4,7.2,7.4,5,Alta
Lolium multiflorum,Rye Grass Anual,Anual,Entre Rios,Litoral,Kikuyo,Arcilloso,6.0,2025-08-01,8,Agosto,13.3,51.4,84.6,NPK 20-10-10,20,10,10,Cada 3 dias,5.0,7.4,7.7,7.4,7.1,7.4,8,Alta
Lolium perenne,Rye Grass Perenne,Perenne,Tucuman,NOA,Kikuyo,Franco-arcilloso,5.8,2025-04-01,4,Abril,20.1,47.9,76.0,Sin fertilizante,0,0,0,Cada 2 dias,3.1,7.3,,7.2,7.5,6.8,7,Alta
Lolium perenne,Rye Grass Perenne,Perenne,Bahia Blanca,Sur,Rye Grass Perenne,Arenoso-franco,6.5,2024-06-01,6,Junio,5.8,29.3,53.9,NPK 20-10-10,20,10,10,Cada 2 dias,3.4,7.8,8.0,7.7,7.9,8.0,14,Alta
Lolium multiflorum,Rye Grass Anual,Anual,Santa Fe,Pampeana,Bermuda,Franco-limoso,6.8,2025-04-01,4,Abril,20.4,108.9,71.1,NPK 15-15-15,15,15,15,Cada 2 dias,5.2,8.0,,7.8,8.0,7.6,4,Alta
Lolium multiflorum,Rye Grass Anual,Anual,Mar del Plata,Sur,Rye Grass Perenne,Franco,7.0,2024-03-01,3,Marzo,16.7,76.9,74.8,NPK 15-15-15,15,15,15,Cada 2 dias,5.2,7.4,7.2,7.4,7.1,7.7,7,Alta
Lolium perenne,Rye Grass Perenne,Perenne,Santa Fe,Pampeana,Bermuda,Franco-limoso,6.6,2025-07-01,7,Julio,9.3,11.5,77.1,NPK 20-10-10,20,10,10,Diario,3.6,7.5,7.6,7.5,7.4,6.9,13,Alta
Lolium perenne,Rye Grass Perenne,Perenne,Mar del Plata,Sur,Rye Grass Perenne,Franco,7.0,2024-05-01,5,Mayo,9.7,36.8,71.9,Urea (N puro),46,0,0,Cada 3 dias,3.4,7.6,7.7,7.7,8.0,6.8,15,Alta
Lolium perenne,Rye Grass Perenne,Perenne,La Plata,Pampeana,Bermuda,Arcillo-limoso,6.4,2025-03-01,3,Marzo,22.7,123.3,78.9,NPK 20-10-10,20,10,10,Cada 2 dias,3.3,7.5,7.5,7.3,7.1,6.8,10,Alta
Lolium multiflorum,Rye Grass Anual,Anual,Buenos Aires,Pampeana,Bermuda,Franco-arcilloso,6.9,2025-04-01,4,Abril,15.0,89.8,66.1,Urea (N puro),46,0,0,Cada 3 dias,5.2,8.0,7.8,8.1,8.1,7.5,6,Alta
Lolium multiflorum,Rye Grass Anual,Anual,Mar del Plata,Sur,Rye Grass Perenne,Franco,6.8,2025-04-01,4,Abril,15.0,68.0,56.8,NPK 15-15-15,15,15,15,Cada 2 dias,5.4,8.2,8.4,8.3,7.9,7.8,7,Alta
Lolium multiflorum,Rye Grass Anual,Anual,Buenos Aires,Pampeana,Bermuda,Franco-arcilloso,6.8,2025-06-01,6,Junio,12.9,55.9,75.7,Sin fertilizante,0,0,0,Cada 2 dias,4.8,7.5,7.7,6.9,7.5,7.4,7,Alta
Lolium perenne,Rye Grass Perenne,Perenne,Entre Rios,Litoral,Kikuyo,Arcilloso,6.2,2024-04-01,4,Abril,17.1,99.7,53.7,NPK 15-15-15,15,15,15,Diario,3.9,9.0,9.0,9.0,9.0,8.6,11,Alta
Lolium multiflorum,Rye Grass Anual,Anual,Mar del Plata,Sur,Rye Grass Perenne,Franco,6.6,2025-08-01,8,Agosto,7.5,56.6,72.7,NPK 15-15-15,15,15,15,Cada 3 dias,4.8,6.6,7.2,6.3,6.8,6.1,8,Media
Lolium multiflorum,Rye Grass Anual,Anual,Buenos Aires,Pampeana,Bermuda,Franco-arcilloso,6.8,2024-06-01,6,Junio,9.1,70.8,73.5,Urea (N puro),46,0,0,Diario,4.9,7.8,7.7,8.1,8.0,7.6,7,Alta
Lolium multiflorum,Rye Grass Anual,Anual,Tucuman,NOA,Kikuyo,Franco-arcilloso,6.4,2025-06-01,6,Junio,13.1,1.0,59.6,Sin fertilizante,0,0,0,Diario,5.4,7.0,,6.8,7.4,,7,Alta
Lolium multiflorum,Rye Grass Anual,Anual,La Plata,Pampeana,Bermuda,Arcillo-limoso,6.1,2025-05-01,5,Mayo,11.6,72.6,58.4,NPK 20-10-10,20,10,10,Cada 2 dias,4.8,7.9,7.8,8.1,7.6,7.0,7,Alta
Lolium multiflorum,Rye Grass Anual,Anual,Bahia Blanca,Sur,Rye Grass Perenne,Arenoso-franco,5.8,2025-08-01,8,Agosto,7.5,32.0,84.8,NPK 15-15-15,15,15,15,Cada 3 dias,5.2,6.5,6.6,6.5,7.0,6.4,9,Media
Lolium multiflorum,Rye Grass Anual,Anual,Entre Rios,Litoral,Kikuyo,Arcilloso,6.0,2024-04-01,4,Abril,20.5,98.9,71.6,Urea (N puro),46,0,0,Diario,4.7,7.7,8.0,7.3,7.5,7.3,4,Alta
Lolium perenne,Rye Grass Perenne,Perenne,Mendoza,Cuyo,Bermuda,Arenoso,6.2,2025-06-01,6,Junio,6.4,19.1,77.1,Sin fertilizante,0,0,0,Cada 2 dias,4.0,7.1,7.1,7.3,7.0,6.2,13,Alta
Lolium multiflorum,Rye Grass Anual,Anual,Rosario,Pampeana,Bermuda,Franco-limoso,6.7,2025-05-01,5,Mayo,12.5,58.2,61.8,Sin fertilizante,0,0,0,Cada 3 dias,4.8,7.1,7.1,6.8,6.7,6.8,5,Alta
Lolium perenne,Rye Grass Perenne,Perenne,Entre Rios,Litoral,Kikuyo,Arcilloso,6.5,2025-04-01,4,Abril,17.2,94.6,59.1,Sin fertilizante,0,0,0,Diario,3.1,8.0,8.0,8.0,8.0,8.0,9,Alta
Lolium perenne,Rye Grass Perenne,Perenne,Bahia Blanca,Sur,Rye Grass Perenne,Arenoso-franco,6.3,2024-04-01,4,Abril,15.6,40.5,68.2,Sin fertilizante,0,0,0,Cada 3 dias,4.0,8.0,8.2,8.3,8.0,7.4,10,Alta
Lolium perenne,Rye Grass Perenne,Perenne,La Plata,Pampeana,Bermuda,Arcillo-limoso,6.5,2024-04-01,4,Abril,16.4,102.0,50.6,NPK 15-15-15,15,15,15,Cada 3 dias,3.3,8.8,8.9,8.8,8.7,8.6,11,Alta
Lolium perenne,Rye Grass Perenne,Perenne,Entre Rios,Litoral,Kikuyo,Arcilloso,6.7,2025-07-01,7,Julio,9.9,40.0,70.5,Sin fertilizante,0,0,0,Cada 2 dias,3.1,7.0,7.2,7.0,7.2,6.8,11,Alta
Lolium multiflorum,Rye Grass Anual,Anual,Santa Fe,Pampeana,Bermuda,Franco-limoso,7.0,2025-07-01,7,Julio,8.0,15.2,54.4,NPK 15-15-15,15,15,15,Diario,5.1,7.5,7.7,7.1,7.4,7.0,9,Alta
Lolium perenne,Rye Grass Perenne,Perenne,Santa Fe,Pampeana,Bermuda,Franco-limoso,6.8,2024-08-01,8,Agosto,13.2,53.1,78.7,NPK 20-10-10,20,10,10,Cada 2 dias,3.2,8.5,8.5,8.8,8.2,8.3,11,Alta
Lolium multiflorum,Rye Grass Anual,Anual,Bahia Blanca,Sur,Rye Grass Perenne,Arenoso-franco,6.2,2024-08-01,8,Agosto,9.1,28.4,52.3,NPK 20-10-10,20,10,10,Cada 3 dias,5.1,7.5,7.4,7.0,7.6,7.0,7,Alta
Lolium perenne,Rye Grass Perenne,Perenne,Entre Rios,Litoral,Kikuyo,Arcilloso,5.9,2025-03-01,3,Marzo,23.3,119.8,52.8,NPK 15-15-15,15,15,15,Cada 2 dias,3.5,7.6,7.6,7.5,7.7,7.0,7,Alta
Lolium multiflorum,Rye Grass Anual,Anual,Rosario,Pampeana,Bermuda,Franco-limoso,6.3,2024-08-01,8,Agosto,10.4,38.2,75.7,NPK 15-15-15,15,15,15,Cada 3 dias,5.0,7.1,7.2,7.0,7.1,6.4,6,Alta
Lolium perenne,Rye Grass Perenne,Perenne,Cordoba,Pampeana,Bermuda,Franco,6.5,2025-06-01,6,Junio,10.8,40.7,80.4,NPK 15-15-15,15,15,15,Cada 3 dias,3.1,8.6,8.9,8.0,8.3,8.6,12,Alta
Lolium multiflorum,Rye Grass Anual,Anual,Entre Rios,Litoral,Kikuyo,Arcilloso,6.4,2025-04-01,4,Abril,18.9,89.7,50.9,Urea (N puro),46,0,0,Cada 2 dias,5.0,7.8,8.2,7.4,7.4,7.6,5,Alta
Lolium perenne,Rye Grass Perenne,Perenne,Cordoba,Pampeana,Bermuda,Franco,6.8,2025-08-01,8,Agosto,11.7,1.8,56.7,Urea (N puro),46,0,0,Cada 3 dias,3.1,7.8,8.1,7.7,7.5,7.3,12,Alta
Lolium multiflorum,Rye Grass Anual,Anual,Mendoza,Cuyo,Bermuda,Arenoso,6.4,2024-05-01,5,Mayo,10.6,9.7,69.2,NPK 20-10-10,20,10,10,Diario,4.9,8.0,7.9,7.8,8.0,7.7,8,Alta
Lolium perenne,Rye Grass Perenne,Perenne,Bahia Blanca,Sur,Rye Grass Perenne,Arenoso-franco,6.4,2024-05-01,5,Mayo,12.0,46.7,73.7,Sin fertilizante,0,0,0,Cada 2 dias,3.4,8.1,8.5,8.0,8.3,7.9,11,Alta
Lolium perenne,Rye Grass Perenne,Perenne,Bahia Blanca,Sur,Rye Grass Perenne,Arenoso-franco,6.1,2024-07-01,7,Julio,5.8,31.6,77.6,Urea (N puro),46,0,0,Diario,3.6,7.7,7.7,7.7,7.9,,13,Alta
Lolium multiflorum,Rye Grass Anual,Anual,Mar del Plata,Sur,Rye Grass Perenne,Franco,7.1,2025-08-01,8,Agosto,10.4,56.3,72.6,NPK 20-10-10,20,10,10,Cada 2 dias,5.1,7.4,7.2,7.6,7.5,7.0,9,Alta
Lolium multiflorum,Rye Grass Anual,Anual,Bahia Blanca,Sur,Rye Grass Perenne,Arenoso-franco,6.8,2024-03-01,3,Marzo,20.1,67.3,76.3,Urea (N puro),46,0,0,Cada 3 dias,5.6,6.8,6.7,6.9,6.4,6.4,4,Media
Lolium multiflorum,Rye Grass Anual,Anual,Mendoza,Cuyo,Bermuda,Arenoso,6.2,2024-05-01,5,Mayo,12.7,15.1,63.3,NPK 20-10-10,20,10,10,Cada 3 dias,4.6,7.9,7.8,8.4,8.1,7.5,8,Alta
Lolium perenne,Rye Grass Perenne,Perenne,La Plata,Pampeana,Bermuda,Arcillo-limoso,6.2,2024-08-01,8,Agosto,11.2,79.8,72.6,NPK 15-15-15,15,15,15,Cada 3 dias,3.7,8.4,8.6,8.2,8.2,7.8,13,Alta
Lolium multiflorum,Rye Grass Anual,Anual,Mendoza,Cuyo,Bermuda,Arenoso,6.3,2025-05-01,5,Mayo,10.4,4.8,66.1,Sin fertilizante,0,0,0,Cada 2 dias,4.4,6.9,7.0,7.0,6.9,6.2,7,Media
Lolium multiflorum,Rye Grass Anual,Anual,Mar del Plata,Sur,Rye Grass Perenne,Franco,6.9,2025-06-01,6,Junio,7.7,57.4,58.2,Sin fertilizante,0,0,0,Cada 2 dias,4.7,6.6,6.4,6.5,6.5,6.8,8,Media
Lolium multiflorum,Rye Grass Anual,Anual,Mar del Plata,Sur,Rye Grass Perenne,Franco,6.4,2025-04-01,4,Abril,14.6,94.1,65.4,NPK 20-10-10,20,10,10,Cada 3 dias,5.3,8.1,7.6,7.5,8.4,8.2,6,Alta
Lolium multiflorum,Rye Grass Anual,Anual,Entre Rios,Litoral,Kikuyo,Arcilloso,6.1,2025-07-01,7,Julio,10.6,47.8,58.8,NPK 15-15-15,15,15,15,Diario,4.9,7.7,7.8,7.5,7.9,7.8,6,Alta
Lolium perenne,Rye Grass Perenne,Perenne,Santa Fe,Pampeana,Bermuda,Franco-limoso,6.5,2025-04-01,4,Abril,17.4,94.3,57.4,NPK 20-10-10,20,10,10,Cada 2 dias,3.8,9.0,9.0,8.8,9.0,9.0,8,Alta
Lolium perenne,Rye Grass Perenne,Perenne,Buenos Aires,Pampeana,Bermuda,Franco-arcilloso,6.2,2025-08-01,8,Agosto,12.5,73.3,60.0,Urea (N puro),46,0,0,Cada 2 dias,3.4,8.0,8.0,7.8,7.8,7.8,10,Alta
Lolium perenne,Rye Grass Perenne,Perenne,Entre Rios,Litoral,Kikuyo,Arcilloso,6.4,2025-05-01,5,Mayo,17.4,76.1,69.6,NPK 15-15-15,15,15,15,Cada 3 dias,3.5,8.6,8.4,9.0,8.8,8.6,9,Alta
Lolium multiflorum,Rye Grass Anual,Anual,Santa Fe,Pampeana,Bermuda,Franco-limoso,6.6,2024-08-01,8,Agosto,12.8,29.2,77.7,Sin fertilizante,0,0,0,Cada 2 dias,4.4,6.5,6.2,6.4,6.4,5.8,8,Media
Lolium multiflorum,Rye Grass Anual,Anual,La Plata,Pampeana,Bermuda,Arcillo-limoso,6.3,2024-06-01,6,Junio,10.6,64.3,57.3,Urea (N puro),46,0,0,Diario,5.1,7.5,7.6,7.3,7.7,7.9,7,Alta
Lolium perenne,Rye Grass Perenne,Perenne,Mendoza,Cuyo,Bermuda,Arenoso,6.1,2025-06-01,6,Junio,9.0,12.0,60.2,NPK 20-10-10,20,10,10,Cada 2 dias,3.2,7.6,7.5,7.6,8.0,7.0,14,Alta
Lolium perenne,Rye Grass Perenne,Perenne,Santa Fe,Pampeana,Bermuda,Franco-limoso,6.5,2024-04-01,4,Abril,18.7,84.9,60.9,Urea (N puro),46,0,0,Cada 3 dias,3.6,8.0,8.3,8.1,8.3,7.7,9,Alta
Lolium perenne,Rye Grass Perenne,Perenne,Cordoba,Pampeana,Bermuda,Franco,6.6,2024-03-01,3,Marzo,22.9,93.8,52.4,NPK 15-15-15,15,15,15,Diario,3.2,7.5,7.8,7.6,7.3,7.1,9,Alta
Lolium multiflorum,Rye Grass Anual,Anual,Santa Fe,Pampeana,Bermuda,Franco-limoso,6.7,2025-06-01,6,Junio,10.2,50.1,82.0,NPK 15-15-15,15,15,15,Diario,5.5,7.9,8.0,7.5,7.9,,8,Alta
Lolium perenne,Rye Grass Perenne,Perenne,Buenos Aires,Pampeana,Bermuda,Franco-arcilloso,6.7,2024-07-01,7,Julio,10.1,51.0,78.3,Urea (N puro),46,0,0,Cada 2 dias,3.9,8.3,8.2,8.1,8.3,8.1,12,Alta
Lolium multiflorum,Rye Grass Anual,Anual,Entre Rios,Litoral,Kikuyo,Arcilloso,6.2,2025-08-01,8,Agosto,11.6,28.1,60.3,Urea (N puro),46,0,0,Diario,4.5,7.4,7.6,7.0,7.7,6.8,8,Alta
Lolium perenne,Rye Grass Perenne,Perenne,La Plata,Pampeana,Bermuda,Arcillo-limoso,6.2,2025-04-01,4,Abril,18.2,97.3,72.4,NPK 15-15-15,15,15,15,Cada 3 dias,3.6,8.5,8.4,8.4,8.2,8.5,9,Alta
Lolium perenne,Rye Grass Perenne,Perenne,Entre Rios,Litoral,Kikuyo,Arcilloso,6.1,2024-04-01,4,Abril,19.3,84.4,52.7,NPK 20-10-10,20,10,10,Diario,3.9,8.9,8.8,8.8,9.0,8.8,11,Alta
Lolium perenne,Rye Grass Perenne,Perenne,Bahia Blanca,Sur,Rye Grass Perenne,Arenoso-franco,6.3,2025-03-01,3,Marzo,20.5,78.4,70.5,Sin fertilizante,0,0,0,Diario,3.6,7.2,7.0,6.7,6.9,7.1,8,Alta
Lolium multiflorum,Rye Grass Anual,Anual,Cordoba,Pampeana,Bermuda,Franco,6.6,2025-06-01,6,Junio,9.3,18.6,64.0,NPK 15-15-15,15,15,15,Cada 3 dias,4.9,7.8,7.9,7.4,7.9,7.9,8,Alta
Lolium multiflorum,Rye Grass Anual,Anual,Bahia Blanca,Sur,Rye Grass Perenne,Arenoso-franco,6.6,2025-04-01,4,Abril,16.5,40.0,59.4,NPK 20-10-10,20,10,10,Cada 3 dias,5.1,7.8,7.7,7.5,7.8,7.2,4,Alta
Lolium perenne,Rye Grass Perenne,Perenne,Mendoza,Cuyo,Bermuda,Arenoso,6.2,2025-07-01,7,Julio,6.3,7.1,57.6,NPK 20-10-10,20,10,10,Diario,3.7,7.5,7.5,7.6,7.4,7.1,12,Alta
Lolium perenne,Rye Grass Perenne,Perenne,Buenos Aires,Pampeana,Bermuda,Franco-arcilloso,6.6,2025-03-01,3,Marzo,22.7,107.1,69.4,Urea (N puro),46,0,0,Cada 2 dias,4.2,7.2,7.2,6.9,7.0,6.6,8,Alta
Lolium multiflorum,Rye Grass Anual,Anual,Buenos Aires,Pampeana,Bermuda,Franco-arcilloso,6.6,2024-04-01,4,Abril,15.4,101.7,54.4,NPK 15-15-15,15,15,15,Diario,5.1,8.3,8.1,8.7,8.3,7.9,7,Alta
Lolium perenne,Rye Grass Perenne,Perenne,Entre Rios,Litoral,Kikuyo,Arcilloso,6.1,2025-07-01,7,Julio,9.7,35.8,63.5,NPK 20-10-10,20,10,10,Cada 3 dias,3.7,7.7,7.9,7.8,7.6,7.7,11,Alta
Lolium perenne,Rye Grass Perenne,Perenne,La Plata,Pampeana,Bermuda,Arcillo-limoso,6.2,2025-08-01,8,Agosto,10.4,60.5,51.8,Urea (N puro),46,0,0,Diario,3.7,8.2,8.0,8.0,8.5,,12,Alta
Lolium perenne,Rye Grass Perenne,Perenne,Cordoba,Pampeana,Bermuda,Franco,6.7,2024-06-01,6,Junio,8.8,29.2,74.5,Sin fertilizante,0,0,0,Cada 3 dias,3.8,7.3,7.3,7.1,8.0,7.1,13,Alta
Lolium perenne,Rye Grass Perenne,Perenne,Santa Fe,Pampeana,Bermuda,Franco-limoso,6.4,2025-04-01,4,Abril,20.0,97.7,59.5,Sin fertilizante,0,0,0,Cada 2 dias,3.4,7.9,7.7,,7.6,7.4,9,Alta
Lolium perenne,Rye Grass Perenne,Perenne,Buenos Aires,Pampeana,Bermuda,Franco-arcilloso,6.3,2024-07-01,7,Julio,11.9,50.5,57.9,NPK 20-10-10,20,10,10,Cada 2 dias,3.3,8.3,8.4,8.1,7.7,7.7,11,Alta
Lolium multiflorum,Rye Grass Anual,Anual,Rosario,Pampeana,Bermuda,Franco-limoso,6.6,2024-08-01,8,Agosto,11.1,49.8,84.8,NPK 20-10-10,20,10,10,Diario,4.8,7.5,7.6,7.9,7.7,7.8,7,Alta
Lolium multiflorum,Rye Grass Anual,Anual,La Plata,Pampeana,Bermuda,Arcillo-limoso,6.5,2024-05-01,5,Mayo,12.1,75.8,76.4,Urea (N puro),46,0,0,Diario,4.9,8.4,8.4,8.3,8.6,7.6,8,Alta
Lolium perenne,Rye Grass Perenne,Perenne,Cordoba,Pampeana,Bermuda,Franco,6.9,2025-07-01,7,Julio,9.8,18.4,59.8,NPK 15-15-15,15,15,15,Diario,3.3,8.2,8.6,8.2,7.7,8.2,10,Alta
Lolium multiflorum,Rye Grass Anual,Anual,Mendoza,Cuyo,Bermuda,Arenoso,6.1,2025-06-01,6,Junio,7.3,4.8,72.3,NPK 15-15-15,15,15,15,Cada 2 dias,5.0,7.1,6.8,7.3,7.1,6.8,8,Alta
Lolium perenne,Rye Grass Perenne,Perenne,Buenos Aires,Pampeana,Bermuda,Franco-arcilloso,6.6,2024-06-01,6,Junio,9.2,50.6,57.7,Sin fertilizante,0,0,0,Cada 3 dias,3.2,7.4,7.5,7.3,7.7,6.7,13,Alta
Lolium perenne,Rye Grass Perenne,Perenne,Mendoza,Cuyo,Bermuda,Arenoso,6.4,2024-05-01,5,Mayo,9.6,2.0,78.1,Sin fertilizante,0,0,0,Cada 2 dias,3.2,7.4,7.2,7.6,7.1,7.6,12,Alta
Lolium perenne,Rye Grass Perenne,Perenne,Entre Rios,Litoral,Kikuyo,Arcilloso,6.0,2024-08-01,8,Agosto,11.5,49.5,81.4,NPK 20-10-10,20,10,10,Diario,3.6,8.3,8.2,8.4,8.2,8.2,11,Alta
Lolium multiflorum,Rye Grass Anual,Anual,Buenos Aires,Pampeana,Bermuda,Franco-arcilloso,6.5,2025-06-01,6,Junio,9.1,56.6,76.2,NPK 20-10-10,20,10,10,Cada 3 dias,5.2,7.5,7.2,7.9,7.8,6.8,9,Alta
Lolium multiflorum,Rye Grass Anual,Anual,Bahia Blanca,Sur,Rye Grass Perenne,Arenoso-franco,6.2,2024-04-01,4,Abril,14.4,58.3,80.0,NPK 20-10-10,20,10,10,Cada 2 dias,5.1,7.9,7.8,8.0,8.1,7.5,5,Alta
Lolium multiflorum,Rye Grass Anual,Anual,Bahia Blanca,Sur,Rye Grass Perenne,Arenoso-franco,6.4,2025-04-01,4,Abril,14.1,54.8,73.5,NPK 15-15-15,15,15,15,Cada 2 dias,5.5,7.9,7.6,7.9,7.7,7.1,6,Alta
Lolium perenne,Rye Grass Perenne,Perenne,Mendoza,Cuyo,Bermuda,Arenoso,6.3,2024-04-01,4,Abril,16.2,10.5,80.4,Urea (N puro),46,0,0,Cada 2 dias,3.6,8.3,8.6,8.0,8.1,8.3,11,Alta
Lolium perenne,Rye Grass Perenne,Perenne,Rosario,Pampeana,Bermuda,Franco-limoso,6.6,2025-08-01,8,Agosto,10.5,15.9,54.8,Urea (N puro),46,0,0,Diario,3.6,7.9,8.1,7.8,7.5,7.6,10,Alta
Lolium perenne,Rye Grass Perenne,Perenne,Santa Fe,Pampeana,Bermuda,Franco-limoso,6.3,2024-07-01,7,Julio,9.3,37.3,63.2,Urea (N puro),46,0,0,Cada 2 dias,2.7,7.7,7.7,7.9,8.0,7.4,12,Alta
Lolium multiflorum,Rye Grass Anual,Anual,Mendoza,Cuyo,Bermuda,Arenoso,6.0,2024-08-01,8,Agosto,9.7,1.5,73.6,NPK 15-15-15,15,15,15,Cada 2 dias,5.4,7.7,7.7,8.0,8.0,7.2,8,Alta
Lolium perenne,Rye Grass Perenne,Perenne,Entre Rios,Litoral,Kikuyo,Arcilloso,6.2,2024-03-01,3,Marzo,22.9,133.0,84.6,Urea (N puro),46,0,0,Cada 2 dias,3.5,7.4,7.6,7.5,7.4,6.8,9,Alta
Lolium perenne,Rye Grass Perenne,Perenne,Entre Rios,Litoral,Kikuyo,Arcilloso,6.0,2024-04-01,4,Abril,19.1,93.7,61.2,NPK 15-15-15,15,15,15,Cada 3 dias,3.4,8.0,8.2,7.9,8.3,8.2,9,Alta
Lolium perenne,Rye Grass Perenne,Perenne,Mar del Plata,Sur,Rye Grass Perenne,Franco,6.7,2025-08-01,8,Agosto,7.3,40.4,56.4,NPK 15-15-15,15,15,15,Cada 3 dias,4.0,7.5,7.2,7.0,7.3,7.3,13,Alta
Lolium multiflorum,Rye Grass Anual,Anual,Buenos Aires,Pampeana,Bermuda,Franco-arcilloso,6.7,2024-07-01,7,Julio,9.1,63.1,72.9,NPK 20-10-10,20,10,10,Cada 3 dias,4.5,7.4,7.5,7.4,7.6,6.6,8,Alta
Lolium multiflorum,Rye Grass Anual,Anual,Tucuman,NOA,Kikuyo,Franco-arcilloso,6.3,2024-04-01,4,Abril,20.7,74.2,60.4,NPK 15-15-15,15,15,15,Cada 3 dias,4.6,7.4,7.3,7.3,7.7,7.7,4,Alta
Lolium multiflorum,Rye Grass Anual,Anual,Mendoza,Cuyo,Bermuda,Arenoso,6.1,2025-07-01,7,Julio,8.0,1.5,57.3,NPK 15-15-15,15,15,15,Diario,4.9,7.4,7.4,7.1,7.2,7.6,9,Alta
Lolium perenne,Rye Grass Perenne,Perenne,Entre Rios,Litoral,Kikuyo,Arcilloso,6.2,2024-03-01,3,Marzo,24.3,123.3,55.1,Sin fertilizante,0,0,0,Cada 3 dias,3.3,6.9,6.9,6.5,7.1,7.0,7,Media
Lolium perenne,Rye Grass Perenne,Perenne,Mar del Plata,Sur,Rye Grass Perenne,Franco,6.3,2024-05-01,5,Mayo,10.4,48.8,68.6,Urea (N puro),46,0,0,Cada 2 dias,3.2,8.9,8.5,9.0,8.9,8.7,11,Alta
Lolium perenne,Rye Grass Perenne,Perenne,Entre Rios,Litoral,Kikuyo,Arcilloso,6.2,2024-04-01,4,Abril,17.1,99.7,53.7,NPK 15-15-15,15,15,15,Diario,3.9,9.0,9.0,9.0,9.0,8.6,11,Alta
Lolium perenne,Rye Grass Perenne,Perenne,Entre Rios,Litoral,Kikuyo,Arcilloso,6.3,2024-05-01,5,Mayo,16.3,72.4,54.0,NPK 20-10-10,20,10,10,Cada 2 dias,3.3,8.5,8.4,8.2,8.6,8.2,12,Alta
Lolium perenne,Rye Grass Perenne,Perenne,Buenos Aires,Pampeana,Bermuda,Franco-arcilloso,6.2,2024-07-01,7,Julio,9.0,69.7,62.1,Urea (N puro),46,0,0,Cada 2 dias,4.1,7.7,,7.3,7.6,7.6,12,Alta
Lolium perenne,Rye Grass Perenne,Perenne,Cordoba,Pampeana,Bermuda,Franco,6.5,2025-03-01,3,Marzo,22.1,93.7,82.6,NPK 20-10-10,20,10,10,Cada 2 dias,3.6,8.0,8.1,8.0,8.3,,8,Alta
Lolium multiflorum,Rye Grass Anual,Anual,Mar del Plata,Sur,Rye Grass Perenne,Franco,6.8,2024-05-01,5,Mayo,9.4,53.0,56.5,Urea (N puro),46,0,0,Cada 2 dias,4.9,7.8,7.5,7.8,7.9,7.6,9,Alta
Lolium perenne,Rye Grass Perenne,Perenne,Mendoza,Cuyo,Bermuda,Arenoso,6.2,2024-05-01,5,Mayo,10.9,21.0,53.4,NPK 20-10-10,20,10,10,Cada 3 dias,3.7,8.7,8.7,9.0,8.9,8.5,10,Alta
Lolium multiflorum,Rye Grass Anual,Anual,Cordoba,Pampeana,Bermuda,Franco,6.8,2024-05-01,5,Mayo,12.4,35.4,82.7,NPK 20-10-10,20,10,10,Cada 3 dias,5.2,7.5,7.8,7.6,7.8,7.0,9,Alta
Lolium multiflorum,Rye Grass Anual,Anual,Rosario,Pampeana,Bermuda,Franco-limoso,6.4,2024-04-01,4,Abril,18.2,97.2,68.6,NPK 15-15-15,15,15,15,Cada 2 dias,5.0,8.4,8.4,8.3,8.5,8.5,5,Alta
Lolium multiflorum,Rye Grass Anual,Anual,Tucuman,NOA,Kikuyo,Franco-arcilloso,6.5,2025-06-01,6,Junio,12.5,0.0,75.6,NPK 20-10-10,20,10,10,Diario,5.0,7.8,7.7,8.0,8.1,7.6,7,Alta
Lolium perenne,Rye Grass Perenne,Perenne,Tucuman,NOA,Kikuyo,Franco-arcilloso,6.5,2024-03-01,3,Marzo,24.6,139.7,80.8,NPK 15-15-15,15,15,15,Cada 3 dias,3.7,7.3,7.4,7.3,7.4,7.1,10,Alta
Lolium perenne,Rye Grass Perenne,Perenne,Mar del Plata,Sur,Rye Grass Perenne,Franco,7.1,2024-04-01,4,Abril,13.7,65.4,68.3,Urea (N puro),46,0,0,Cada 2 dias,3.9,8.6,8.2,8.9,8.6,7.5,12,Alta
Lolium perenne,Rye Grass Perenne,Perenne,Entre Rios,Litoral,Kikuyo,Arcilloso,6.2,2024-05-01,5,Mayo,14.9,73.2,83.5,NPK 15-15-15,15,15,15,Cada 3 dias,3.9,8.7,8.6,8.7,9.0,8.4,10,Alta
Lolium multiflorum,Rye Grass Anual,Anual,La Plata,Pampeana,Bermuda,Arcillo-limoso,6.4,2025-05-01,5,Mayo,14.1,62.3,82.4,NPK 15-15-15,15,15,15,Cada 3 dias,5.2,7.6,,7.2,7.7,7.1,5,Alta
Lolium multiflorum,Rye Grass Anual,Anual,La Plata,Pampeana,Bermuda,Arcillo-limoso,6.4,2025-06-01,6,Junio,8.3,81.9,77.1,NPK 15-15-15,15,15,15,Cada 3 dias,5.3,7.6,7.8,8.0,7.5,7.7,7,Alta
Lolium perenne,Rye Grass Perenne,Perenne,Mar del Plata,Sur,Rye Grass Perenne,Franco,6.8,2024-07-01,7,Julio,7.2,60.7,74.6,Urea (N puro),46,0,0,Diario,3.7,7.9,7.8,7.8,7.9,7.5,14,Alta
Lolium perenne,Rye Grass Perenne,Perenne,Buenos Aires,Pampeana,Bermuda,Franco-arcilloso,6.6,2024-04-01,4,Abril,19.8,101.6,66.1,Urea (N puro),46,0,0,Diario,3.6,8.1,,8.2,8.3,7.5,10,Alta
Lolium multiflorum,Rye Grass Anual,Anual,Entre Rios,Litoral,Kikuyo,Arcilloso,6.0,2024-08-01,8,Agosto,9.8,36.8,77.0,NPK 15-15-15,15,15,15,Diario,5.1,7.2,6.9,7.3,7.1,6.6,9,Alta
Lolium perenne,Rye Grass Perenne,Perenne,Mar del Plata,Sur,Rye Grass Perenne,Franco,6.6,2025-04-01,4,Abril,14.5,80.1,59.5,NPK 20-10-10,20,10,10,Cada 3 dias,3.4,8.7,8.6,8.9,9.0,8.5,11,Alta
Lolium perenne,Rye Grass Perenne,Perenne,Buenos Aires,Pampeana,Bermuda,Franco-arcilloso,6.6,2024-03-01,3,Marzo,21.9,102.7,77.1,Urea (N puro),46,0,0,Diario,3.1,7.7,7.6,7.9,7.5,7.5,8,Alta
Lolium multiflorum,Rye Grass Anual,Anual,Santa Fe,Pampeana,Bermuda,Franco-limoso,6.7,2024-04-01,4,Abril,17.4,94.0,75.1,Sin fertilizante,0,0,0,Diario,4.9,7.4,7.4,7.4,7.6,6.4,6,Alta
Lolium multiflorum,Rye Grass Anual,Anual,Bahia Blanca,Sur,Rye Grass Perenne,Arenoso-franco,6.5,2025-05-01,5,Mayo,10.8,37.7,58.6,Sin fertilizante,0,0,0,Diario,5.3,7.4,7.4,7.7,7.1,7.2,10,Alta
Lolium perenne,Rye Grass Perenne,Perenne,Tucuman,NOA,Kikuyo,Franco-arcilloso,6.4,2024-07-01,7,Julio,9.8,1.9,50.0,NPK 15-15-15,15,15,15,Cada 3 dias,3.7,7.6,7.6,7.4,7.6,6.6,12,Alta
Lolium perenne,Rye Grass Perenne,Perenne,Tucuman,NOA,Kikuyo,Franco-arcilloso,6.5,2025-03-01,3,Marzo,23.8,133.4,53.6,NPK 15-15-15,15,15,15,Cada 2 dias,4.0,7.5,7.7,,7.3,7.2,8,Alta
Lolium multiflorum,Rye Grass Anual,Anual,Bahia Blanca,Sur,Rye Grass Perenne,Arenoso-franco,6.4,2025-07-01,7,Julio,5.1,11.0,51.6,Urea (N puro),46,0,0,Cada 2 dias,4.9,6.9,6.8,6.8,7.1,6.4,10,Media
Lolium multiflorum,Rye Grass Anual,Anual,Mar del Plata,Sur,Rye Grass Perenne,Franco,7.0,2024-07-01,7,Julio,8.5,55.7,50.6,Sin fertilizante,0,0,0,Diario,5.0,7.1,7.1,7.1,7.1,6.9,7,Alta
Lolium multiflorum,Rye Grass Anual,Anual,Rosario,Pampeana,Bermuda,Franco-limoso,6.6,2025-08-01,8,Agosto,11.8,24.4,73.8,Urea (N puro),46,0,0,Diario,4.5,7.0,6.7,7.0,7.0,7.0,6,Alta
Lolium multiflorum,Rye Grass Anual,Anual,Cordoba,Pampeana,Bermuda,Franco,7.2,2025-05-01,5,Mayo,11.8,48.9,68.0,NPK 20-10-10,20,10,10,Diario,5.0,8.1,7.9,8.3,7.9,7.6,9,Alta
Lolium multiflorum,Rye Grass Anual,Anual,Bahia Blanca,Sur,Rye Grass Perenne,Arenoso-franco,6.7,2024-06-01,6,Junio,5.5,19.0,76.2,NPK 15-15-15,15,15,15,Diario,4.7,7.4,7.5,7.4,7.9,7.0,9,Alta
Lolium perenne,Rye Grass Perenne,Perenne,Entre Rios,Litoral,Kikuyo,Arcilloso,5.9,2024-04-01,4,Abril,18.0,103.8,51.9,Sin fertilizante,0,0,0,Diario,3.7,8.1,7.9,8.1,8.1,7.9,9,Alta
Lolium perenne,Rye Grass Perenne,Perenne,Santa Fe,Pampeana,Bermuda,Franco-limoso,6.7,2024-05-01,5,Mayo,12.0,45.4,69.0,Urea (N puro),46,0,0,Diario,3.2,8.7,9.0,8.9,8.9,8.7,11,Alta
Lolium multiflorum,Rye Grass Anual,Anual,Entre Rios,Litoral,Kikuyo,Arcilloso,5.8,2025-08-01,8,Agosto,12.8,35.5,56.9,Sin fertilizante,0,0,0,Cada 2 dias,5.7,6.7,6.8,,6.6,6.3,7,Media
Lolium multiflorum,Rye Grass Anual,Anual,La Plata,Pampeana,Bermuda,Arcillo-limoso,6.2,2024-04-01,4,Abril,14.9,97.2,56.7,Sin fertilizante,0,0,0,Cada 3 dias,5.3,7.3,7.4,7.2,6.9,6.8,5,Alta
Lolium perenne,Rye Grass Perenne,Perenne,Bahia Blanca,Sur,Rye Grass Perenne,Arenoso-franco,6.1,2024-04-01,4,Abril,15.9,51.1,67.9,NPK 15-15-15,15,15,15,Cada 2 dias,3.5,9.0,8.5,8.8,8.8,8.6,10,Alta
Lolium multiflorum,Rye Grass Anual,Anual,Mar del Plata,Sur,Rye Grass Perenne,Franco,7.0,2024-07-01,7,Julio,7.0,71.6,57.0,NPK 15-15-15,15,15,15,Cada 2 dias,4.5,7.4,7.6,7.6,7.6,7.8,8,Alta
Lolium multiflorum,Rye Grass Anual,Anual,Bahia Blanca,Sur,Rye Grass Perenne,Arenoso-franco,6.5,2025-08-01,8,Agosto,8.5,29.1,82.7,Urea (N puro),46,0,0,Cada 3 dias,4.8,7.2,7.4,7.2,7.3,7.0,8,Alta
Lolium multiflorum,Rye Grass Anual,Anual,Buenos Aires,Pampeana,Bermuda,Franco-arcilloso,6.2,2025-08-01,8,Agosto,10.8,64.0,66.4,NPK 20-10-10,20,10,10,Cada 2 dias,4.2,7.4,,7.1,6.9,7.4,10,Alta
Lolium multiflorum,Rye Grass Anual,Anual,Mendoza,Cuyo,Bermuda,Arenoso,5.9,2024-08-01,8,Agosto,9.5,0.0,66.8,Urea (N puro),46,0,0,Cada 2 dias,4.6,6.9,6.8,6.6,6.8,6.8,9,Media
Lolium multiflorum,Rye Grass Anual,Anual,Mendoza,Cuyo,Bermuda,Arenoso,6.2,2024-05-01,5,Mayo,12.8,4.4,61.9,NPK 15-15-15,15,15,15,Cada 3 dias,4.8,7.9,7.9,8.0,7.9,7.7,8,Alta
Lolium perenne,Rye Grass Perenne,Perenne,Buenos Aires,Pampeana,Bermuda,Franco-arcilloso,6.5,2025-03-01,3,Marzo,21.5,96.8,69.4,Sin fertilizante,0,0,0,Cada 3 dias,4.0,7.0,6.9,7.4,7.2,7.2,9,Alta
Lolium perenne,Rye Grass Perenne,Perenne,Tucuman,NOA,Kikuyo,Franco-arcilloso,6.5,2024-04-01,4,Abril,19.2,72.8,65.7,Urea (N puro),46,0,0,Diario,3.5,8.0,7.8,8.2,7.6,7.8,9,Alta
Lolium perenne,Rye Grass Perenne,Perenne,Tucuman,NOA,Kikuyo,Franco-arcilloso,6.6,2024-04-01,4,Abril,18.9,60.2,76.7,NPK 15-15-15,15,15,15,Cada 3 dias,3.9,8.2,8.3,8.2,8.4,7.7,10,Alta
Lolium perenne,Rye Grass Perenne,Perenne,Rosario,Pampeana,Bermuda,Franco-limoso,6.5,2024-07-01,7,Julio,8.4,35.3,84.1,NPK 20-10-10,20,10,10,Diario,3.2,7.6,7.5,7.9,7.8,7.2,14,Alta
Lolium perenne,Rye Grass Perenne,Perenne,Mar del Plata,Sur,Rye Grass Perenne,Franco,7.1,2025-06-01,6,Junio,7.8,53.5,50.0,NPK 20-10-10,20,10,10,Cada 3 dias,3.6,7.4,7.3,7.3,7.3,6.8,13,Alta
Lolium multiflorum,Rye Grass Anual,Anual,Buenos Aires,Pampeana,Bermuda,Franco-arcilloso,6.5,2024-06-01,6,Junio,11.4,54.6,61.1,Urea (N puro),46,0,0,Diario,4.6,7.7,7.8,7.5,7.7,7.4,6,Alta
Lolium multiflorum,Rye Grass Anual,Anual,La Plata,Pampeana,Bermuda,Arcillo-limoso,6.7,2024-03-01,3,Marzo,20.1,107.6,64.2,NPK 15-15-15,15,15,15,Cada 3 dias,4.9,7.0,7.0,7.0,6.7,6.8,4,Alta
Lolium perenne,Rye Grass Perenne,Perenne,Cordoba,Pampeana,Bermuda,Franco,7.1,2025-05-01,5,Mayo,12.2,46.4,53.0,NPK 20-10-10,20,10,10,Diario,3.4,8.6,8.9,,8.7,8.6,11,Alta
Lolium perenne,Rye Grass Perenne,Perenne,Tucuman,NOA,Kikuyo,Franco-arcilloso,6.7,2025-06-01,6,Junio,11.4,10.1,80.6,NPK 15-15-15,15,15,15,Cada 3 dias,3.3,8.0,8.1,7.9,7.8,8.4,11,Alta
Lolium perenne,Rye Grass Perenne,Perenne,Tucuman,NOA,Kikuyo,Franco-arcilloso,7.0,2024-08-01,8,Agosto,14.9,6.7,76.3,NPK 20-10-10,20,10,10,Diario,3.4,8.0,8.0,8.3,7.7,7.1,10,Alta
Lolium multiflorum,Rye Grass Anual,Anual,Cordoba,Pampeana,Bermuda,Franco,6.8,2025-07-01,7,Julio,7.1,11.3,58.3,NPK 15-15-15,15,15,15,Cada 3 dias,5.3,7.2,7.2,7.2,7.0,7.5,7,Alta
Lolium multiflorum,Rye Grass Anual,Anual,Mendoza,Cuyo,Bermuda,Arenoso,6.4,2024-07-01,7,Julio,7.4,9.9,52.7,NPK 20-10-10,20,10,10,Cada 2 dias,5.5,6.9,6.7,6.7,7.1,6.6,9,Media
Lolium multiflorum,Rye Grass Anual,Anual,Tucuman,NOA,Kikuyo,Franco-arcilloso,6.4,2025-03-01,3,Marzo,23.9,147.4,70.9,Urea (N puro),46,0,0,Cada 3 dias,5.0,6.8,6.9,7.0,7.3,6.1,4,Media
Lolium multiflorum,Rye Grass Anual,Anual,Bahia Blanca,Sur,Rye Grass Perenne,Arenoso-franco,6.3,2025-05-01,5,Mayo,12.1,43.8,53.7,Urea (N puro),46,0,0,Cada 3 dias,4.8,7.5,7.0,7.2,7.1,7.6,7,Alta
Lolium multiflorum,Rye Grass Anual,Anual,Mar del Plata,Sur,Rye Grass Perenne,Franco,6.8,2024-04-01,4,Abril,12.9,65.3,75.8,NPK 20-10-10,20,10,10,Cada 2 dias,4.4,8.3,8.2,8.3,8.2,8.3,4,Alta
Lolium multiflorum,Rye Grass Anual,Anual,Buenos Aires,Pampeana,Bermuda,Franco-arcilloso,6.2,2024-06-01,6,Junio,10.8,73.1,80.8,NPK 20-10-10,20,10,10,Cada 3 dias,4.9,7.7,7.7,7.2,7.5,7.4,8,Alta
Lolium multiflorum,Rye Grass Anual,Anual,Mar del Plata,Sur,Rye Grass Perenne,Franco,6.6,2025-05-01,5,Mayo,10.4,50.6,79.9,Urea (N puro),46,0,0,Cada 2 dias,5.4,7.5,7.5,,7.6,7.1,9,Alta
Lolium perenne,Rye Grass Perenne,Perenne,Entre Rios,Litoral,Kikuyo,Arcilloso,6.1,2024-06-01,6,Junio,12.5,48.8,79.1,NPK 20-10-10,20,10,10,Diario,3.5,9.0,8.4,8.9,8.9,9.0,12,Alta
Lolium perenne,Rye Grass Perenne,Perenne,Bahia Blanca,Sur,Rye Grass Perenne,Arenoso-franco,6.2,2024-03-01,3,Marzo,22.3,62.7,68.0,NPK 15-15-15,15,15,15,Diario,3.8,7.6,7.8,7.7,7.6,6.5,8,Alta
Lolium multiflorum,Rye Grass Anual,Anual,Entre Rios,Litoral,Kikuyo,Arcilloso,6.2,2025-04-01,4,Abril,18.8,108.6,51.5,Sin fertilizante,0,0,0,Cada 2 dias,5.0,7.9,8.0,7.8,8.0,7.7,4,Alta
Lolium multiflorum,Rye Grass Anual,Anual,Mar del Plata,Sur,Rye Grass Perenne,Franco,6.9,2025-07-01,7,Julio,5.7,62.0,78.1,Urea (N puro),46,0,0,Cada 3 dias,5.2,6.7,6.8,6.6,6.7,6.3,8,Media
Lolium perenne,Rye Grass Perenne,Perenne,Bahia Blanca,Sur,Rye Grass Perenne,Arenoso-franco,6.3,2024-08-01,8,Agosto,8.7,41.0,52.7,Urea (N puro),46,0,0,Cada 3 dias,3.6,7.7,7.7,7.5,7.5,7.1,11,Alta
Lolium perenne,Rye Grass Perenne,Perenne,Mar del Plata,Sur,Rye Grass Perenne,Franco,6.9,2024-03-01,3,Marzo,19.5,83.5,68.3,NPK 15-15-15,15,15,15,Cada 2 dias,3.2,7.9,7.7,7.8,7.8,7.5,8,Alta
Lolium multiflorum,Rye Grass Anual,Anual,Rosario,Pampeana,Bermuda,Franco-limoso,6.5,2024-07-01,7,Julio,7.7,36.2,58.6,NPK 15-15-15,15,15,15,Diario,5.3,7.3,7.5,7.3,7.0,6.7,9,Alta
Lolium perenne,Rye Grass Perenne,Perenne,Santa Fe,Pampeana,Bermuda,Franco-limoso,6.7,2025-05-01,5,Mayo,14.9,75.1,81.2,Urea (N puro),46,0,0,Cada 2 dias,3.3,8.7,8.6,8.5,8.7,8.5,12,Alta
Lolium perenne,Rye Grass Perenne,Perenne,Buenos Aires,Pampeana,Bermuda,Franco-arcilloso,6.6,2024-03-01,3,Marzo,18.6,108.8,65.4,NPK 20-10-10,20,10,10,Cada 2 dias,3.7,8.0,8.1,,8.1,7.7,7,Alta
Lolium perenne,Rye Grass Perenne,Perenne,Bahia Blanca,Sur,Rye Grass Perenne,Arenoso-franco,6.6,2025-08-01,8,Agosto,8.3,14.6,50.0,NPK 20-10-10,20,10,10,Cada 3 dias,4.0,7.4,7.1,7.3,7.3,6.7,14,Alta
Lolium multiflorum,Rye Grass Anual,Anual,Rosario,Pampeana,Bermuda,Franco-limoso,6.3,2024-06-01,6,Junio,11.5,43.1,62.4,NPK 15-15-15,15,15,15,Diario,5.2,7.9,7.9,7.8,7.8,7.5,8,Alta
Lolium perenne,Rye Grass Perenne,Perenne,Buenos Aires,Pampeana,Bermuda,Franco-arcilloso,6.6,2024-03-01,3,Marzo,19.2,103.0,52.0,NPK 20-10-10,20,10,10,Diario,3.6,8.4,8.5,8.3,8.1,7.7,10,Alta
Lolium multiflorum,Rye Grass Anual,Anual,La Plata,Pampeana,Bermuda,Arcillo-limoso,6.3,2024-07-01,7,Julio,10.1,59.4,78.5,Sin fertilizante,0,0,0,Diario,5.1,7.0,6.8,7.0,6.7,6.1,8,Alta
Lolium perenne,Rye Grass Perenne,Perenne,Tucuman,NOA,Kikuyo,Franco-arcilloso,6.4,2025-08-01,8,Agosto,13.2,22.5,72.9,Urea (N puro),46,0,0,Cada 3 dias,3.5,7.7,7.8,7.4,7.7,7.4,10,Alta
Lolium perenne,Rye Grass Perenne,Perenne,Bahia Blanca,Sur,Rye Grass Perenne,Arenoso-franco,6.3,2024-06-01,6,Junio,8.6,25.8,51.7,Urea (N puro),46,0,0,Cada 2 dias,3.6,7.4,7.6,7.6,7.3,6.8,12,Alta
Lolium multiflorum,Rye Grass Anual,Anual,Mendoza,Cuyo,Bermuda,Arenoso,6.1,2025-07-01,7,Julio,7.9,15.5,83.4,Sin fertilizante,0,0,0,Cada 3 dias,5.1,6.3,6.4,6.3,6.1,5.7,8,Media
Lolium perenne,Rye Grass Perenne,Perenne,Bahia Blanca,Sur,Rye Grass Perenne,Arenoso-franco,6.3,2024-06-01,6,Junio,7.9,20.9,50.2,Urea (N puro),46,0,0,Diario,3.1,8.0,8.3,8.2,7.8,7.5,11,Alta
Lolium multiflorum,Rye Grass Anual,Anual,Rosario,Pampeana,Bermuda,Franco-limoso,6.5,2025-05-01,5,Mayo,10.0,55.7,52.6,NPK 20-10-10,20,10,10,Cada 3 dias,4.8,8.2,8.2,8.2,8.1,8.3,8,Alta
Lolium perenne,Rye Grass Perenne,Perenne,Santa Fe,Pampeana,Bermuda,Franco-limoso,6.3,2025-07-01,7,Julio,12.1,30.8,79.8,NPK 20-10-10,20,10,10,Cada 2 dias,3.3,8.1,7.8,8.2,8.4,8.2,12,Alta
Lolium multiflorum,Rye Grass Anual,Anual,Mar del Plata,Sur,Rye Grass Perenne,Franco,6.9,2025-06-01,6,Junio,6.3,59.5,51.2,NPK 15-15-15,15,15,15,Diario,4.7,7.3,7.2,7.4,7.4,7.2,9,Alta
Lolium perenne,Rye Grass Perenne,Perenne,Rosario,Pampeana,Bermuda,Franco-limoso,6.9,2024-05-01,5,Mayo,13.0,63.7,65.1,Sin fertilizante,0,0,0,Cada 2 dias,3.3,7.9,7.9,7.7,7.7,7.5,11,Alta
Lolium perenne,Rye Grass Perenne,Perenne,Rosario,Pampeana,Bermuda,Franco-limoso,6.6,2024-07-01,7,Julio,8.0,44.4,61.1,Urea (N puro),46,0,0,Cada 2 dias,3.9,7.3,7.6,7.5,7.0,6.9,11,Alta
Lolium perenne,Rye Grass Perenne,Perenne,La Plata,Pampeana,Bermuda,Arcillo-limoso,6.4,2024-03-01,3,Marzo,21.6,120.0,74.7,NPK 20-10-10,20,10,10,Diario,3.6,7.7,7.5,7.5,7.8,7.4,8,Alta
Lolium multiflorum,Rye Grass Anual,Anual,Mar del Plata,Sur,Rye Grass Perenne,Franco,7.0,2024-04-01,4,Abril,14.9,76.5,61.4,NPK 20-10-10,20,10,10,Cada 3 dias,5.5,8.3,8.5,7.9,8.7,8.3,6,Alta
Lolium multiflorum,Rye Grass Anual,Anual,Bahia Blanca,Sur,Rye Grass Perenne,Arenoso-franco,6.4,2024-03-01,3,Marzo,21.3,44.7,65.9,NPK 15-15-15,15,15,15,Diario,5.0,7.4,7.6,7.7,7.6,7.0,4,Alta
Lolium perenne,Rye Grass Perenne,Perenne,Buenos Aires,Pampeana,Bermuda,Franco-arcilloso,6.2,2025-07-01,7,Julio,8.6,50.9,80.2,NPK 15-15-15,15,15,15,Cada 2 dias,3.8,7.8,7.7,8.1,7.6,7.8,13,Alta
Lolium multiflorum,Rye Grass Anual,Anual,Entre Rios,Litoral,Kikuyo,Arcilloso,6.5,2025-04-01,4,Abril,18.2,100.3,57.3,NPK 15-15-15,15,15,15,Diario,5.2,8.5,8.4,8.5,9.0,7.8,6,Alta
Lolium perenne,Rye Grass Perenne,Perenne,Entre Rios,Litoral,Kikuyo,Arcilloso,6.0,2025-04-01,4,Abril,18.0,69.5,68.9,Urea (N puro),46,0,0,Cada 2 dias,3.6,8.7,8.9,9.0,8.8,8.1,9,Alta
Lolium perenne,Rye Grass Perenne,Perenne,Entre Rios,Litoral,Kikuyo,Arcilloso,6.0,2025-07-01,7,Julio,11.4,53.3,63.1,NPK 15-15-15,15,15,15,Cada 2 dias,3.1,8.1,8.0,8.1,8.1,7.4,13,Alta
Lolium multiflorum,Rye Grass Anual,Anual,Buenos Aires,Pampeana,Bermuda,Franco-arcilloso,6.1,2024-03-01,3,Marzo,21.8,108.9,76.9,Sin fertilizante,0,0,0,Diario,5.0,7.2,7.3,7.0,7.4,7.2,6,Alta
Lolium multiflorum,Rye Grass Anual,Anual,Tucuman,NOA,Kikuyo,Franco-arcilloso,6.4,2024-04-01,4,Abril,21.4,61.7,78.0,NPK 15-15-15,15,15,15,Cada 3 dias,5.0,7.4,7.1,7.1,7.5,7.2,4,Alta
Lolium perenne,Rye Grass Perenne,Perenne,Mar del Plata,Sur,Rye Grass Perenne,Franco,6.9,2025-03-01,3,Marzo,16.8,65.7,76.2,Urea (N puro),46,0,0,Cada 2 dias,3.5,8.5,8.4,8.6,8.7,8.6,9,Alta
Lolium multiflorum,Rye Grass Anual,Anual,Rosario,Pampeana,Bermuda,Franco-limoso,6.7,2024-06-01,6,Junio,10.2,49.7,69.1,NPK 15-15-15,15,15,15,Cada 3 dias,5.3,7.4,7.3,7.5,7.4,6.9,10,Alta
Lolium perenne,Rye Grass Perenne,Perenne,Bahia Blanca,Sur,Rye Grass Perenne,Arenoso-franco,6.4,2024-08-01,8,Agosto,9.4,33.9,74.7,NPK 20-10-10,20,10,10,Cada 2 dias,3.8,7.6,7.6,7.2,7.7,7.4,12,Alta
Lolium multiflorum,Rye Grass Anual,Anual,Mar del Plata,Sur,Rye Grass Perenne,Franco,6.8,2025-08-01,8,Agosto,7.6,46.1,67.6,Urea (N puro),46,0,0,Cada 2 dias,5.0,6.3,6.3,6.0,5.9,6.5,8,Media
Lolium perenne,Rye Grass Perenne,Perenne,Mendoza,Cuyo,Bermuda,Arenoso,6.7,2025-08-01,8,Agosto,11.4,5.7,81.1,NPK 15-15-15,15,15,15,Cada 2 dias,3.7,8.1,8.1,8.4,8.5,8.0,12,Alta
Lolium multiflorum,Rye Grass Anual,Anual,Bahia Blanca,Sur,Rye Grass Perenne,Arenoso-franco,6.1,2024-05-01,5,Mayo,8.3,44.8,52.9,NPK 15-15-15,15,15,15,Diario,4.3,8.2,8.6,7.8,8.2,7.7,9,Alta
Lolium perenne,Rye Grass Perenne,Perenne,Mendoza,Cuyo,Bermuda,Arenoso,6.1,2025-04-01,4,Abril,18.0,4.5,79.3,Urea (N puro),46,0,0,Cada 3 dias,3.7,8.2,8.1,8.2,8.1,7.5,11,Alta
Lolium multiflorum,Rye Grass Anual,Anual,Buenos Aires,Pampeana,Bermuda,Franco-arcilloso,6.0,2025-06-01,6,Junio,11.1,50.9,78.9,NPK 20-10-10,20,10,10,Cada 2 dias,5.0,7.4,7.3,7.4,7.6,7.1,8,Alta
Lolium perenne,Rye Grass Perenne,Perenne,Buenos Aires,Pampeana,Bermuda,Franco-arcilloso,6.9,2024-04-01,4,Abril,18.2,114.7,56.1,NPK 15-15-15,15,15,15,Diario,3.5,8.9,8.8,8.9,8.9,8.5,9,Alta
Lolium perenne,Rye Grass Perenne,Perenne,Entre Rios,Litoral,Kikuyo,Arcilloso,6.2,2025-03-01,3,Marzo,22.8,108.6,50.9,NPK 20-10-10,20,10,10,Cada 3 dias,3.3,7.5,7.5,7.5,7.5,7.3,9,Alta
Lolium perenne,Rye Grass Perenne,Perenne,Buenos Aires,Pampeana,Bermuda,Franco-arcilloso,6.4,2024-06-01,6,Junio,10.9,54.9,63.6,Sin fertilizante,0,0,0,Diario,3.3,8.5,8.7,8.1,8.4,8.6,10,Alta
Lolium multiflorum,Rye Grass Anual,Anual,Santa Fe,Pampeana,Bermuda,Franco-limoso,6.5,2024-05-01,5,Mayo,14.4,65.0,78.0,NPK 15-15-15,15,15,15,Cada 2 dias,5.1,8.2,7.9,8.1,8.3,8.4,7,Alta
Lolium multiflorum,Rye Grass Anual,Anual,Tucuman,NOA,Kikuyo,Franco-arcilloso,6.6,2025-07-01,7,Julio,8.9,8.7,58.2,NPK 15-15-15,15,15,15,Cada 3 dias,5.6,7.2,7.3,7.2,7.6,6.4,8,Alta
Lolium multiflorum,Rye Grass Anual,Anual,Bahia Blanca,Sur,Rye Grass Perenne,Arenoso-franco,6.3,2025-07-01,7,Julio,4.9,13.2,65.1,Urea (N puro),46,0,0,Cada 3 dias,5.5,6.6,6.9,6.9,6.5,6.1,9,Media
Lolium multiflorum,Rye Grass Anual,Anual,Mar del Plata,Sur,Rye Grass Perenne,Franco,6.7,2025-08-01,8,Agosto,8.3,43.7,63.9,NPK 20-10-10,20,10,10,Cada 2 dias,4.6,7.4,7.8,6.9,7.2,7.5,10,Alta
Lolium multiflorum,Rye Grass Anual,Anual,Cordoba,Pampeana,Bermuda,Franco,6.6,2025-08-01,8,Agosto,11.5,19.1,58.5,NPK 20-10-10,20,10,10,Cada 3 dias,4.6,6.8,6.7,7.3,6.9,6.8,7,Media
Lolium multiflorum,Rye Grass Anual,Anual,Mar del Plata,Sur,Rye Grass Perenne,Franco,6.8,2024-08-01,8,Agosto,6.8,35.7,80.0,NPK 15-15-15,15,15,15,Cada 3 dias,5.0,6.5,6.8,6.3,6.3,6.2,10,Media
Lolium multiflorum,Rye Grass Anual,Anual,Mendoza,Cuyo,Bermuda,Arenoso,6.3,2025-05-01,5,Mayo,9.5,2.8,76.6,Urea (N puro),46,0,0,Cada 2 dias,5.0,7.7,7.8,,7.7,8.1,6,Alta
Lolium multiflorum,Rye Grass Anual,Anual,Santa Fe,Pampeana,Bermuda,Franco-limoso,7.0,2024-03-01,3,Marzo,24.6,115.5,65.6,Urea (N puro),46,0,0,Diario,4.9,7.0,6.8,6.7,6.8,6.5,4,Alta
Lolium multiflorum,Rye Grass Anual,Anual,Entre Rios,Litoral,Kikuyo,Arcilloso,6.0,2025-04-01,4,Abril,17.3,85.8,68.2,Urea (N puro),46,0,0,Cada 3 dias,4.9,7.8,7.6,7.6,8.0,7.5,7,Alta
Lolium multiflorum,Rye Grass Anual,Anual,Entre Rios,Litoral,Kikuyo,Arcilloso,6.1,2024-06-01,6,Junio,9.8,52.6,58.9,NPK 20-10-10,20,10,10,Cada 2 dias,5.2,7.8,8.1,7.6,7.8,7.1,7,Alta
Lolium perenne,Rye Grass Perenne,Perenne,Rosario,Pampeana,Bermuda,Franco-limoso,6.8,2024-06-01,6,Junio,9.7,37.2,72.7,Sin fertilizante,0,0,0,Cada 3 dias,3.9,7.2,7.1,6.9,7.2,6.9,13,Alta
Lolium perenne,Rye Grass Perenne,Perenne,La Plata,Pampeana,Bermuda,Arcillo-limoso,6.5,2024-06-01,6,Junio,8.5,58.9,62.9,Urea (N puro),46,0,0,Cada 3 dias,3.5,7.3,7.2,6.6,7.4,7.1,12,Alta
Lolium multiflorum,Rye Grass Anual,Anual,Buenos Aires,Pampeana,Bermuda,Franco-arcilloso,6.6,2025-04-01,4,Abril,20.0,96.7,56.6,NPK 20-10-10,20,10,10,Diario,5.2,8.1,8.2,7.9,8.2,7.8,4,Alta
Lolium multiflorum,Rye Grass Anual,Anual,Tucuman,NOA,Kikuyo,Franco-arcilloso,6.3,2024-08-01,8,Agosto,13.5,8.3,61.4,NPK 20-10-10,20,10,10,Diario,5.0,7.3,7.3,7.3,7.2,7.1,6,Alta
Lolium multiflorum,Rye Grass Anual,Anual,Santa Fe,Pampeana,Bermuda,Franco-limoso,6.7,2024-05-01,5,Mayo,13.6,48.6,51.5,NPK 20-10-10,20,10,10,Cada 3 dias,5.1,8.0,7.9,8.1,7.9,7.9,7,Alta
Lolium perenne,Rye Grass Perenne,Perenne,Rosario,Pampeana,Bermuda,Franco-limoso,6.6,2024-07-01,7,Julio,8.0,44.4,61.1,Urea (N puro),46,0,0,Cada 2 dias,3.9,7.3,7.6,7.5,7.0,6.9,11,Alta
Lolium multiflorum,Rye Grass Anual,Anual,La Plata,Pampeana,Bermuda,Arcillo-limoso,6.5,2025-03-01,3,Marzo,24.0,124.6,65.4,NPK 20-10-10,20,10,10,Cada 2 dias,5.1,7.4,7.2,7.4,7.6,7.7,4,Alta
Lolium multiflorum,Rye Grass Anual,Anual,Rosario,Pampeana,Bermuda,Franco-limoso,6.8,2024-06-01,6,Junio,9.5,42.5,75.5,NPK 15-15-15,15,15,15,Cada 3 dias,4.6,7.2,7.3,7.0,7.3,7.4,7,Alta
Lolium multiflorum,Rye Grass Anual,Anual,Rosario,Pampeana,Bermuda,Franco-limoso,6.7,2024-07-01,7,Julio,10.5,37.4,80.8,NPK 20-10-10,20,10,10,Cada 3 dias,4.9,7.0,7.2,7.0,7.4,7.1,7,Alta
Lolium multiflorum,Rye Grass Anual,Anual,Rosario,Pampeana,Bermuda,Franco-limoso,6.9,2025-04-01,4,Abril,19.4,101.0,68.4,Sin fertilizante,0,0,0,Cada 2 dias,5.2,7.8,8.0,7.7,7.9,7.7,5,Alta
Lolium perenne,Rye Grass Perenne,Perenne,Entre Rios,Litoral,Kikuyo,Arcilloso,5.9,2024-05-01,5,Mayo,12.6,69.6,65.0,Sin fertilizante,0,0,0,Cada 3 dias,2.9,8.0,8.3,7.9,8.2,,10,Alta
Lolium perenne,Rye Grass Perenne,Perenne,Buenos Aires,Pampeana,Bermuda,Franco-arcilloso,6.3,2025-04-01,4,Abril,17.0,90.4,80.7,Urea (N puro),46,0,0,Cada 3 dias,3.4,8.8,,8.9,8.9,8.2,9,Alta
Lolium perenne,Rye Grass Perenne,Perenne,Tucuman,NOA,Kikuyo,Franco-arcilloso,6.6,2025-08-01,8,Agosto,11.3,11.6,68.2,NPK 15-15-15,15,15,15,Cada 2 dias,3.3,8.5,8.3,8.1,8.4,7.6,12,Alta
Lolium perenne,Rye Grass Perenne,Perenne,Buenos Aires,Pampeana,Bermuda,Franco-arcilloso,6.7,2025-06-01,6,Junio,11.0,77.2,82.7,Urea (N puro),46,0,0,Cada 3 dias,4.3,8.4,8.6,8.4,8.1,7.4,11,Alta
Lolium multiflorum,Rye Grass Anual,Anual,La Plata,Pampeana,Bermuda,Arcillo-limoso,6.4,2024-05-01,5,Mayo,12.3,75.7,53.5,Sin fertilizante,0,0,0,Cada 2 dias,5.3,7.8,7.6,7.8,8.0,7.8,7,Alta
Lolium multiflorum,Rye Grass Anual,Anual,Entre Rios,Litoral,Kikuyo,Arcilloso,6.2,2024-05-01,5,Mayo,13.8,68.0,66.4,Urea (N puro),46,0,0,Cada 2 dias,4.8,8.0,8.3,8.0,8.1,7.9,6,Alta
Lolium multiflorum,Rye Grass Anual,Anual,Entre Rios,Litoral,Kikuyo,Arcilloso,5.9,2024-07-01,7,Julio,8.8,53.8,84.6,Urea (N puro),46,0,0,Cada 3 dias,4.5,7.3,7.4,6.7,7.1,7.2,10,Alta
Lolium perenne,Rye Grass Perenne,Perenne,Rosario,Pampeana,Bermuda,Franco-limoso,6.6,2025-05-01,5,Mayo,13.5,49.1,63.2,NPK 15-15-15,15,15,15,Cada 3 dias,3.5,8.6,9.0,8.8,8.4,7.8,12,Alta
Lolium perenne,Rye Grass Perenne,Perenne,Entre Rios,Litoral,Kikuyo,Arcilloso,6.0,2025-05-01,5,Mayo,14.6,66.3,73.7,NPK 20-10-10,20,10,10,Cada 2 dias,3.5,8.9,8.8,9.0,8.6,8.2,11,Alta
Lolium perenne,Rye Grass Perenne,Perenne,Mendoza,Cuyo,Bermuda,Arenoso,6.4,2025-05-01,5,Mayo,12.0,18.5,56.5,Urea (N puro),46,0,0,Cada 2 dias,3.3,8.8,8.7,8.6,8.5,8.9,11,Alta
Lolium perenne,Rye Grass Perenne,Perenne,Santa Fe,Pampeana,Bermuda,Franco-limoso,6.2,2024-08-01,8,Agosto,11.7,24.7,78.9,Urea (N puro),46,0,0,Cada 2 dias,3.4,8.1,8.2,8.1,8.4,8.0,12,Alta
Lolium perenne,Rye Grass Perenne,Perenne,Mar del Plata,Sur,Rye Grass Perenne,Franco,7.1,2025-06-01,6,Junio,8.0,70.9,58.6,NPK 15-15-15,15,15,15,Cada 3 dias,3.4,7.6,7.5,7.2,7.6,7.3,13,Alta
Lolium multiflorum,Rye Grass Anual,Anual,Rosario,Pampeana,Bermuda,Franco-limoso,6.7,2025-08-01,8,Agosto,12.8,40.0,71.0,NPK 20-10-10,20,10,10,Cada 2 dias,4.6,7.2,6.7,7.4,7.0,6.9,7,Alta
Lolium perenne,Rye Grass Perenne,Perenne,Cordoba,Pampeana,Bermuda,Franco,6.9,2024-06-01,6,Junio,9.3,18.7,83.5,Urea (N puro),46,0,0,Diario,3.4,7.7,7.6,7.6,7.6,7.1,12,Alta
Lolium perenne,Rye Grass Perenne,Perenne,Bahia Blanca,Sur,Rye Grass Perenne,Arenoso-franco,6.4,2024-03-01,3,Marzo,19.5,46.4,81.1,NPK 15-15-15,15,15,15,Cada 3 dias,3.8,7.7,7.8,7.4,7.6,7.9,9,Alta
Lolium multiflorum,Rye Grass Anual,Anual,Mendoza,Cuyo,Bermuda,Arenoso,6.0,2024-03-01,3,Marzo,22.3,22.8,71.7,NPK 15-15-15,15,15,15,Diario,5.2,7.0,6.9,,6.8,7.3,5,Alta
Lolium multiflorum,Rye Grass Anual,Anual,Rosario,Pampeana,Bermuda,Franco-limoso,6.4,2025-07-01,7,Julio,11.7,32.5,54.1,NPK 15-15-15,15,15,15,Diario,4.5,7.3,7.0,7.4,7.3,7.0,8,Alta
Lolium perenne,Rye Grass Perenne,Perenne,Buenos Aires,Pampeana,Bermuda,Franco-arcilloso,6.4,2024-07-01,7,Julio,8.1,39.0,68.7,Urea (N puro),46,0,0,Cada 3 dias,3.3,7.2,7.4,7.2,6.9,6.8,13,Alta
Lolium multiflorum,Rye Grass Anual,Anual,Bahia Blanca,Sur,Rye Grass Perenne,Arenoso-franco,6.7,2024-08-01,8,Agosto,9.8,31.2,81.1,NPK 15-15-15,15,15,15,Cada 3 dias,5.0,7.0,6.7,7.1,6.7,6.5,8,Alta
Lolium multiflorum,Rye Grass Anual,Anual,Rosario,Pampeana,Bermuda,Franco-limoso,6.4,2025-07-01,7,Julio,9.5,44.8,71.0,NPK 15-15-15,15,15,15,Cada 3 dias,5.2,7.4,7.6,7.5,6.9,7.0,8,Alta
Lolium perenne,Rye Grass Perenne,Perenne,Mar del Plata,Sur,Rye Grass Perenne,Franco,6.8,2024-06-01,6,Junio,6.2,57.4,65.5,Urea (N puro),46,0,0,Diario,4.2,7.9,8.1,8.4,8.1,7.5,12,Alta
Lolium perenne,Rye Grass Perenne,Perenne,Mendoza,Cuyo,Bermuda,Arenoso,5.9,2025-08-01,8,Agosto,9.7,25.7,74.3,NPK 15-15-15,15,15,15,Diario,3.6,7.4,7.2,7.4,7.6,6.8,13,Alta
Lolium perenne,Rye Grass Perenne,Perenne,Rosario,Pampeana,Bermuda,Franco-limoso,6.8,2024-07-01,7,Julio,8.0,30.6,71.2,NPK 15-15-15,15,15,15,Cada 2 dias,3.4,7.6,7.5,7.7,7.4,7.6,12,Alta
Lolium multiflorum,Rye Grass Anual,Anual,Tucuman,NOA,Kikuyo,Franco-arcilloso,6.4,2024-04-01,4,Abril,18.9,81.1,69.2,Sin fertilizante,0,0,0,Cada 3 dias,4.7,7.5,7.5,7.9,7.9,7.0,5,Alta
Lolium multiflorum,Rye Grass Anual,Anual,Mendoza,Cuyo,Bermuda,Arenoso,6.1,2025-07-01,7,Julio,7.9,15.5,83.4,Sin fertilizante,0,0,0,Cada 3 dias,5.1,6.3,6.4,6.3,6.1,5.7,8,Media
Lolium multiflorum,Rye Grass Anual,Anual,Mendoza,Cuyo,Bermuda,Arenoso,6.2,2024-07-01,7,Julio,6.0,13.3,68.8,NPK 15-15-15,15,15,15,Diario,4.7,6.9,7.1,7.2,7.0,,9,Media
Lolium multiflorum,Rye Grass Anual,Anual,Buenos Aires,Pampeana,Bermuda,Franco-arcilloso,6.5,2025-07-01,7,Julio,11.0,47.0,53.7,NPK 15-15-15,15,15,15,Cada 3 dias,4.9,7.9,7.9,7.5,7.8,7.7,8,Alta
Lolium multiflorum,Rye Grass Anual,Anual,Entre Rios,Litoral,Kikuyo,Arcilloso,6.2,2024-08-01,8,Agosto,11.9,61.1,63.1,NPK 15-15-15,15,15,15,Cada 3 dias,4.8,7.2,6.9,7.4,7.4,6.6,7,Alta
Lolium multiflorum,Rye Grass Anual,Anual,Entre Rios,Litoral,Kikuyo,Arcilloso,6.0,2025-08-01,8,Agosto,13.3,51.4,84.6,NPK 20-10-10,20,10,10,Cada 3 dias,5.0,7.4,7.7,7.4,7.1,7.4,8,Alta
Lolium multiflorum,Rye Grass Anual,Anual,La Plata,Pampeana,Bermuda,Arcillo-limoso,6.7,2024-05-01,5,Mayo,13.4,81.8,79.6,Urea (N puro),46,0,0,Diario,4.7,8.0,8.0,7.6,7.8,8.0,8,Alta
Lolium multiflorum,Rye Grass Anual,Anual,Rosario,Pampeana,Bermuda,Franco-limoso,6.8,2025-08-01,8,Agosto,11.2,34.5,78.2,Sin fertilizante,0,0,0,Cada 2 dias,4.5,6.8,6.6,7.3,7.0,6.3,6,Media
Lolium multiflorum,Rye Grass Anual,Anual,Mar del Plata,Sur,Rye Grass Perenne,Franco,6.8,2025-08-01,8,Agosto,7.0,51.6,83.0,NPK 20-10-10,20,10,10,Cada 2 dias,4.8,7.1,7.1,7.2,6.9,6.7,10,Alta
Lolium perenne,Rye Grass Perenne,Perenne,Entre Rios,Litoral,Kikuyo,Arcilloso,6.1,2025-07-01,7,Julio,10.3,28.6,79.6,Urea (N puro),46,0,0,Cada 2 dias,3.4,8.2,8.3,8.1,7.9,8.0,12,Alta
Lolium perenne,Rye Grass Perenne,Perenne,Mendoza,Cuyo,Bermuda,Arenoso,6.0,2025-06-01,6,Junio,6.4,0.0,76.5,Urea (N puro),46,0,0,Cada 2 dias,3.2,7.7,7.7,7.9,8.1,7.2,12,Alta
Lolium perenne,Rye Grass Perenne,Perenne,La Plata,Pampeana,Bermuda,Arcillo-limoso,6.4,2025-05-01,5,Mayo,13.8,82.5,54.9,Sin fertilizante,0,0,0,Cada 2 dias,3.5,8.2,8.2,8.0,8.4,8.0,11,Alta
Lolium perenne,Rye Grass Perenne,Perenne,Cordoba,Pampeana,Bermuda,Franco,6.8,2025-06-01,6,Junio,5.6,22.1,55.9,Urea (N puro),46,0,0,Cada 2 dias,3.2,7.4,7.5,7.2,7.3,7.0,13,Alta
Lolium perenne,Rye Grass Perenne,Perenne,Bahia Blanca,Sur,Rye Grass Perenne,Arenoso-franco,6.4,2025-04-01,4,Abril,16.2,62.0,62.6,NPK 20-10-10,20,10,10,Diario,3.5,8.7,8.6,9.0,8.7,,9,Alta
Lolium multiflorum,Rye Grass Anual,Anual,Cordoba,Pampeana,Bermuda,Franco,6.7,2025-05-01,5,Mayo,12.8,53.6,53.6,NPK 15-15-15,15,15,15,Cada 3 dias,5.4,7.8,7.7,7.9,7.7,7.1,6,Alta
Lolium multiflorum,Rye Grass Anual,Anual,Bahia Blanca,Sur,Rye Grass Perenne,Arenoso-franco,6.0,2025-07-01,7,Julio,7.2,25.3,82.9,Sin fertilizante,0,0,0,Diario,4.9,6.5,6.4,6.2,6.7,6.0,7,Media
Lolium multiflorum,Rye Grass Anual,Anual,Santa Fe,Pampeana,Bermuda,Franco-limoso,6.6,2025-04-01,4,Abril,17.4,112.5,63.3,NPK 20-10-10,20,10,10,Cada 2 dias,5.3,8.1,8.1,7.8,7.8,8.2,4,Alta
Lolium perenne,Rye Grass Perenne,Perenne,Tucuman,NOA,Kikuyo,Franco-arcilloso,6.4,2025-03-01,3,Marzo,21.7,168.6,59.0,Sin fertilizante,0,0,0,Cada 3 dias,3.7,7.2,7.0,7.2,7.1,7.5,9,Alta
Lolium perenne,Rye Grass Perenne,Perenne,Tucuman,NOA,Kikuyo,Franco-arcilloso,6.7,2025-07-01,7,Julio,11.3,4.8,52.2,NPK 20-10-10,20,10,10,Cada 3 dias,3.6,7.9,8.1,7.7,7.6,7.5,12,Alta
Lolium perenne,Rye Grass Perenne,Perenne,Buenos Aires,Pampeana,Bermuda,Franco-arcilloso,6.5,2025-04-01,4,Abril,18.5,106.7,82.6,Sin fertilizante,0,0,0,Diario,3.3,8.5,8.6,8.4,8.6,8.0,9,Alta
Lolium perenne,Rye Grass Perenne,Perenne,Rosario,Pampeana,Bermuda,Franco-limoso,6.2,2025-06-01,6,Junio,7.7,38.8,62.9,NPK 20-10-10,20,10,10,Diario,3.7,8.0,8.4,7.8,8.0,7.3,12,Alta
Lolium perenne,Rye Grass Perenne,Perenne,Santa Fe,Pampeana,Bermuda,Franco-limoso,6.4,2024-05-01,5,Mayo,14.0,62.5,64.5,Sin fertilizante,0,0,0,Cada 3 dias,3.9,8.3,8.6,8.2,8.3,8.0,10,Alta
Lolium multiflorum,Rye Grass Anual,Anual,Buenos Aires,Pampeana,Bermuda,Franco-arcilloso,6.1,2024-07-01,7,Julio,12.9,53.7,76.9,Sin fertilizante,0,0,0,Diario,4.9,7.2,7.3,7.2,7.3,7.5,9,Alta
Lolium perenne,Rye Grass Perenne,Perenne,Rosario,Pampeana,Bermuda,Franco-limoso,6.8,2025-05-01,5,Mayo,17.1,71.0,78.4,NPK 15-15-15,15,15,15,Cada 3 dias,3.9,8.7,8.6,8.9,8.7,8.6,8,Alta
Lolium perenne,Rye Grass Perenne,Perenne,Mendoza,Cuyo,Bermuda,Arenoso,5.8,2025-03-01,3,Marzo,22.9,16.5,74.1,NPK 15-15-15,15,15,15,Cada 2 dias,3.8,7.0,7.2,7.0,7.0,6.6,9,Alta
Lolium multiflorum,Rye Grass Anual,Anual,Entre Rios,Litoral,Kikuyo,Arcilloso,6.1,2025-05-01,5,Mayo,14.2,60.5,51.2,NPK 15-15-15,15,15,15,Cada 2 dias,4.7,7.7,7.5,7.8,7.7,7.6,7,Alta
Lolium perenne,Rye Grass Perenne,Perenne,Mar del Plata,Sur,Rye Grass Perenne,Franco,7.0,2025-06-01,6,Junio,8.7,49.2,58.9,Sin fertilizante,0,0,0,Cada 2 dias,3.7,7.3,7.8,6.9,7.1,7.1,12,Alta
Lolium perenne,Rye Grass Perenne,Perenne,Cordoba,Pampeana,Bermuda,Franco,6.9,2024-04-01,4,Abril,16.8,65.2,68.6,Urea (N puro),46,0,0,Diario,3.2,8.6,8.4,8.7,8.4,8.2,9,Alta
Lolium perenne,Rye Grass Perenne,Perenne,Mar del Plata,Sur,Rye Grass Perenne,Franco,6.5,2024-07-01,7,Julio,5.6,58.9,54.8,NPK 15-15-15,15,15,15,Cada 2 dias,3.9,7.9,7.9,8.0,7.5,7.5,15,Alta
Lolium multiflorum,Rye Grass Anual,Anual,Rosario,Pampeana,Bermuda,Franco-limoso,6.4,2025-03-01,3,Marzo,22.4,103.4,81.3,NPK 15-15-15,15,15,15,Cada 2 dias,5.0,7.3,7.3,7.5,7.5,6.8,4,Alta
Lolium multiflorum,Rye Grass Anual,Anual,Tucuman,NOA,Kikuyo,Franco-arcilloso,6.2,2025-05-01,5,Mayo,17.2,40.7,67.0,NPK 15-15-15,15,15,15,Cada 2 dias,5.0,8.0,8.3,8.1,7.9,7.4,5,Alta
Lolium multiflorum,Rye Grass Anual,Anual,Tucuman,NOA,Kikuyo,Franco-arcilloso,7.0,2025-07-01,7,Julio,12.5,0.0,81.1,Sin fertilizante,0,0,0,Cada 2 dias,4.7,7.0,,6.8,7.0,6.7,10,Alta
Lolium multiflorum,Rye Grass Anual,Anual,Buenos Aires,Pampeana,Bermuda,Franco-arcilloso,6.3,2024-05-01,5,Mayo,14.7,64.1,73.2,NPK 20-10-10,20,10,10,Diario,5.3,8.0,7.9,7.9,8.0,8.0,7,Alta
Lolium multiflorum,Rye Grass Anual,Anual,Entre Rios,Litoral,Kikuyo,Arcilloso,5.9,2024-03-01,3,Marzo,23.6,99.1,69.8,NPK 15-15-15,15,15,15,Cada 3 dias,5.1,7.1,6.8,7.1,7.1,6.4,4,Alta
Lolium multiflorum,Rye Grass Anual,Anual,Mar del Plata,Sur,Rye Grass Perenne,Franco,6.6,2024-05-01,5,Mayo,9.9,44.4,79.0,NPK 20-10-10,20,10,10,Cada 2 dias,5.5,7.8,7.9,8.1,7.7,7.3,7,Alta
Lolium multiflorum,Rye Grass Anual,Anual,Entre Rios,Litoral,Kikuyo,Arcilloso,6.0,2024-03-01,3,Marzo,23.7,110.7,69.3,Sin fertilizante,0,0,0,Diario,4.5,6.9,6.6,6.6,7.0,6.6,4,Media
Lolium perenne,Rye Grass Perenne,Perenne,Bahia Blanca,Sur,Rye Grass Perenne,Arenoso-franco,6.3,2025-03-01,3,Marzo,20.8,53.8,73.3,NPK 20-10-10,20,10,10,Cada 3 dias,3.6,7.4,7.3,7.6,7.6,7.1,8,Alta
Lolium multiflorum,Rye Grass Anual,Anual,Mendoza,Cuyo,Bermuda,Arenoso,6.3,2025-05-01,5,Mayo,10.4,11.1,51.6,Sin fertilizante,0,0,0,Diario,5.6,7.5,6.9,7.8,7.4,7.9,8,Alta
Lolium perenne,Rye Grass Perenne,Perenne,Mendoza,Cuyo,Bermuda,Arenoso,6.3,2024-07-01,7,Julio,6.8,12.8,54.5,NPK 20-10-10,20,10,10,Cada 3 dias,3.6,7.5,7.9,7.5,7.3,6.8,12,Alta
Lolium perenne,Rye Grass Perenne,Perenne,La Plata,Pampeana,Bermuda,Arcillo-limoso,6.6,2025-06-01,6,Junio,8.9,65.8,62.5,NPK 15-15-15,15,15,15,Cada 3 dias,3.6,7.6,7.7,7.7,7.5,7.8,12,Alta
Lolium perenne,Rye Grass Perenne,Perenne,Buenos Aires,Pampeana,Bermuda,Franco-arcilloso,6.5,2024-07-01,7,Julio,10.6,58.1,60.5,Urea (N puro),46,0,0,Diario,3.5,8.0,8.4,8.1,7.8,7.8,11,Alta
Lolium multiflorum,Rye Grass Anual,Anual,La Plata,Pampeana,Bermuda,Arcillo-limoso,6.5,2025-05-01,5,Mayo,11.6,81.0,76.3,NPK 20-10-10,20,10,10,Cada 2 dias,5.0,7.9,7.7,8.0,7.9,7.3,6,Alta
Lolium perenne,Rye Grass Perenne,Perenne,Buenos Aires,Pampeana,Bermuda,Franco-arcilloso,6.3,2025-08-01,8,Agosto,11.6,68.5,81.3,NPK 20-10-10,20,10,10,Diario,3.7,8.5,8.5,8.8,8.3,8.3,10,Alta
Lolium multiflorum,Rye Grass Anual,Anual,Cordoba,Pampeana,Bermuda,Franco,7.1,2025-05-01,5,Mayo,12.7,31.8,62.3,NPK 20-10-10,20,10,10,Diario,4.8,7.6,7.7,7.5,7.7,7.4,6,Alta
Lolium multiflorum,Rye Grass Anual,Anual,La Plata,Pampeana,Bermuda,Arcillo-limoso,6.3,2025-06-01,6,Junio,11.0,63.3,53.7,Urea (N puro),46,0,0,Cada 2 dias,5.2,7.3,7.1,7.0,7.2,,8,Alta
Lolium multiflorum,Rye Grass Anual,Anual,La Plata,Pampeana,Bermuda,Arcillo-limoso,6.7,2025-03-01,3,Marzo,19.9,122.7,75.5,Sin fertilizante,0,0,0,Cada 3 dias,4.6,7.3,7.7,7.1,7.2,7.0,4,Alta
Lolium perenne,Rye Grass Perenne,Perenne,Rosario,Pampeana,Bermuda,Franco-limoso,6.9,2025-03-01,3,Marzo,22.6,101.5,68.9,Sin fertilizante,0,0,0,Cada 2 dias,3.7,7.2,7.3,7.5,7.1,6.8,6,Alta
Lolium perenne,Rye Grass Perenne,Perenne,Cordoba,Pampeana,Bermuda,Franco,7.2,2025-04-01,4,Abril,15.2,65.8,74.1,Urea (N puro),46,0,0,Diario,3.7,8.8,8.9,8.9,9.0,8.5,9,Alta
Lolium perenne,Rye Grass Perenne,Perenne,Santa Fe,Pampeana,Bermuda,Franco-limoso,6.7,2025-04-01,4,Abril,19.2,86.3,53.1,Urea (N puro),46,0,0,Cada 3 dias,3.6,7.9,7.6,8.0,7.7,,10,Alta
Lolium multiflorum,Rye Grass Anual,Anual,La Plata,Pampeana,Bermuda,Arcillo-limoso,6.3,2025-05-01,5,Mayo,13.1,68.2,83.9,Urea (N puro),46,0,0,Diario,5.0,8.0,7.6,8.1,7.8,7.4,5,Alta
Lolium multiflorum,Rye Grass Anual,Anual,La Plata,Pampeana,Bermuda,Arcillo-limoso,6.2,2025-08-01,8,Agosto,9.5,79.2,82.8,Sin fertilizante,0,0,0,Cada 3 dias,4.6,7.1,7.3,7.3,7.3,6.8,7,Alta
Lolium perenne,Rye Grass Perenne,Perenne,Cordoba,Pampeana,Bermuda,Franco,6.6,2025-04-01,4,Abril,15.6,57.1,51.1,Urea (N puro),46,0,0,Cada 3 dias,3.9,8.3,8.2,8.0,8.5,7.7,10,Alta
Lolium multiflorum,Rye Grass Anual,Anual,Mar del Plata,Sur,Rye Grass Perenne,Franco,6.7,2025-05-01,5,Mayo,12.8,63.3,65.7,Urea (N puro),46,0,0,Cada 3 dias,4.9,7.7,7.7,7.7,7.6,7.6,7,Alta
Lolium perenne,Rye Grass Perenne,Perenne,Mar del Plata,Sur,Rye Grass Perenne,Franco,6.7,2025-04-01,4,Abril,12.5,60.5,73.5,Urea (N puro),46,0,0,Diario,3.9,8.5,8.6,8.5,8.6,,12,Alta
Lolium multiflorum,Rye Grass Anual,Anual,Mendoza,Cuyo,Bermuda,Arenoso,5.8,2024-07-01,7,Julio,6.3,0.0,69.3,NPK 15-15-15,15,15,15,Cada 2 dias,5.1,6.5,6.3,6.7,6.7,6.0,9,Media
Lolium perenne,Rye Grass Perenne,Perenne,Rosario,Pampeana,Bermuda,Franco-limoso,6.5,2025-05-01,5,Mayo,11.9,54.9,52.4,Urea (N puro),46,0,0,Cada 3 dias,3.7,8.3,8.3,8.0,8.5,7.8,13,Alta
Lolium multiflorum,Rye Grass Anual,Anual,Santa Fe,Pampeana,Bermuda,Franco-limoso,6.4,2025-05-01,5,Mayo,14.1,72.8,53.5,NPK 15-15-15,15,15,15,Cada 2 dias,5.2,8.2,8.2,8.4,8.1,8.2,6,Alta
Lolium perenne,Rye Grass Perenne,Perenne,Buenos Aires,Pampeana,Bermuda,Franco-arcilloso,6.7,2025-08-01,8,Agosto,11.3,62.7,53.8,NPK 20-10-10,20,10,10,Diario,3.3,8.5,8.2,8.5,8.3,8.5,13,Alta
Lolium multiflorum,Rye Grass Anual,Anual,Rosario,Pampeana,Bermuda,Franco-limoso,6.6,2024-06-01,6,Junio,10.1,37.1,67.6,Urea (N puro),46,0,0,Diario,5.5,7.7,7.5,7.7,7.7,7.1,8,Alta
Lolium perenne,Rye Grass Perenne,Perenne,Bahia Blanca,Sur,Rye Grass Perenne,Arenoso-franco,6.3,2024-08-01,8,Agosto,6.4,31.4,84.8,Sin fertilizante,0,0,0,Cada 2 dias,3.6,7.1,7.0,7.3,7.3,6.9,14,Alta
Lolium perenne,Rye Grass Perenne,Perenne,Santa Fe,Pampeana,Bermuda,Franco-limoso,6.6,2024-08-01,8,Agosto,12.4,45.0,69.1,Sin fertilizante,0,0,0,Cada 3 dias,3.4,7.2,7.1,7.1,7.0,6.6,11,Alta
Lolium perenne,Rye Grass Perenne,Perenne,Rosario,Pampeana,Bermuda,Franco-limoso,6.6,2025-05-01,5,Mayo,12.5,58.2,60.6,NPK 15-15-15,15,15,15,Cada 3 dias,3.7,8.6,8.6,8.6,8.5,8.2,9,Alta
Lolium perenne,Rye Grass Perenne,Perenne,Entre Rios,Litoral,Kikuyo,Arcilloso,6.6,2025-08-01,8,Agosto,13.6,45.7,57.0,Sin fertilizante,0,0,0,Cada 3 dias,3.6,7.5,7.4,7.3,7.7,7.3,10,Alta
Lolium multiflorum,Rye Grass Anual,Anual,Santa Fe,Pampeana,Bermuda,Franco-limoso,6.7,2025-03-01,3,Marzo,24.9,119.9,61.1,Sin fertilizante,0,0,0,Cada 3 dias,5.2,6.2,6.0,6.4,6.4,5.6,4,Media
Lolium perenne,Rye Grass Perenne,Perenne,Rosario,Pampeana,Bermuda,Franco-limoso,6.6,2024-05-01,5,Mayo,12.0,73.1,54.6,NPK 20-10-10,20,10,10,Cada 3 dias,3.5,8.6,8.7,8.2,8.3,8.4,11,Alta
Lolium multiflorum,Rye Grass Anual,Anual,Mendoza,Cuyo,Bermuda,Arenoso,6.4,2024-06-01,6,Junio,7.5,0.0,79.4,Sin fertilizante,0,0,0,Cada 3 dias,4.4,6.2,6.3,5.8,6.0,5.7,9,Media
Lolium perenne,Rye Grass Perenne,Perenne,Santa Fe,Pampeana,Bermuda,Franco-limoso,6.5,2024-05-01,5,Mayo,12.9,55.3,83.7,NPK 15-15-15,15,15,15,Cada 3 dias,4.1,8.3,8.1,8.3,7.9,7.2,9,Alta
Lolium perenne,Rye Grass Perenne,Perenne,Buenos Aires,Pampeana,Bermuda,Franco-arcilloso,6.5,2024-07-01,7,Julio,9.7,42.6,51.3,Urea (N puro),46,0,0,Cada 2 dias,3.3,7.4,7.7,7.6,7.3,7.2,11,Alta
Lolium perenne,Rye Grass Perenne,Perenne,La Plata,Pampeana,Bermuda,Arcillo-limoso,6.7,2025-04-01,4,Abril,17.3,90.7,50.7,Urea (N puro),46,0,0,Diario,3.4,8.9,8.5,9.0,8.7,8.7,9,Alta
Lolium multiflorum,Rye Grass Anual,Anual,La Plata,Pampeana,Bermuda,Arcillo-limoso,6.4,2024-05-01,5,Mayo,12.7,64.1,50.3,Urea (N puro),46,0,0,Cada 3 dias,4.9,7.8,7.8,7.6,7.6,7.7,8,Alta
Lolium perenne,Rye Grass Perenne,Perenne,Entre Rios,Litoral,Kikuyo,Arcilloso,6.0,2024-08-01,8,Agosto,11.9,35.1,57.5,Sin fertilizante,0,0,0,Diario,3.0,8.0,8.2,8.0,8.2,8.3,12,Alta
Lolium multiflorum,Rye Grass Anual,Anual,Bahia Blanca,Sur,Rye Grass Perenne,Arenoso-franco,6.4,2024-05-01,5,Mayo,12.2,35.6,63.7,Sin fertilizante,0,0,0,Cada 2 dias,4.8,7.3,7.4,7.4,7.2,6.9,9,Alta
Lolium perenne,Rye Grass Perenne,Perenne,Mendoza,Cuyo,Bermuda,Arenoso,5.9,2025-05-01,5,Mayo,10.9,0.0,84.1,Sin fertilizante,0,0,0,Cada 2 dias,3.2,7.9,8.0,7.6,7.7,7.6,12,Alta
Lolium multiflorum,Rye Grass Anual,Anual,Entre Rios,Litoral,Kikuyo,Arcilloso,6.1,2024-03-01,3,Marzo,23.5,116.3,61.7,Urea (N puro),46,0,0,Cada 2 dias,5.2,7.2,7.6,7.1,7.0,7.0,4,Alta
Lolium perenne,Rye Grass Perenne,Perenne,Mendoza,Cuyo,Bermuda,Arenoso,6.2,2025-04-01,4,Abril,16.9,26.3,71.8,Sin fertilizante,0,0,0,Diario,3.4,8.2,8.2,8.4,8.4,7.7,8,Alta
Lolium multiflorum,Rye Grass Anual,Anual,Mar del Plata,Sur,Rye Grass Perenne,Franco,6.7,2025-05-01,5,Mayo,9.4,62.2,79.3,NPK 15-15-15,15,15,15,Cada 2 dias,4.8,7.9,7.6,7.9,7.6,7.7,8,Alta
Lolium multiflorum,Rye Grass Anual,Anual,Mendoza,Cuyo,Bermuda,Arenoso,6.2,2025-06-01,6,Junio,9.2,8.1,73.1,NPK 20-10-10,20,10,10,Cada 3 dias,5.0,7.6,7.6,7.1,7.9,7.1,10,Alta
Lolium perenne,Rye Grass Perenne,Perenne,La Plata,Pampeana,Bermuda,Arcillo-limoso,6.8,2024-07-01,7,Julio,9.4,57.6,76.2,NPK 20-10-10,20,10,10,Cada 3 dias,3.2,7.8,7.6,7.9,7.6,7.4,12,Alta
Lolium perenne,Rye Grass Perenne,Perenne,Santa Fe,Pampeana,Bermuda,Franco-limoso,6.5,2024-07-01,7,Julio,10.4,39.4,58.3,Urea (N puro),46,0,0,Cada 2 dias,3.6,7.7,7.6,7.7,7.9,7.9,12,Alta
Lolium multiflorum,Rye Grass Anual,Anual,Rosario,Pampeana,Bermuda,Franco-limoso,6.5,2024-04-01,4,Abril,18.6,82.2,80.4,NPK 20-10-10,20,10,10,Cada 2 dias,5.0,8.4,8.5,8.3,8.3,8.0,7,Alta
Lolium perenne,Rye Grass Perenne,Perenne,Entre Rios,Litoral,Kikuyo,Arcilloso,6.3,2025-08-01,8,Agosto,13.4,56.9,84.2,NPK 20-10-10,20,10,10,Cada 3 dias,3.4,8.2,8.2,8.0,8.0,7.7,12,Alta
Lolium perenne,Rye Grass Perenne,Perenne,Rosario,Pampeana,Bermuda,Franco-limoso,6.7,2025-05-01,5,Mayo,14.4,67.0,80.8,NPK 15-15-15,15,15,15,Diario,4.3,8.5,8.4,8.9,8.4,8.5,11,Alta
Lolium multiflorum,Rye Grass Anual,Anual,Santa Fe,Pampeana,Bermuda,Franco-limoso,7.0,2025-03-01,3,Marzo,21.5,107.3,84.5,NPK 15-15-15,15,15,15,Cada 3 dias,5.2,7.1,7.0,7.6,6.9,6.3,5,Alta
Lolium perenne,Rye Grass Perenne,Perenne,Rosario,Pampeana,Bermuda,Franco-limoso,6.6,2024-07-01,7,Julio,10.5,32.4,58.8,NPK 15-15-15,15,15,15,Cada 3 dias,3.6,8.2,8.1,8.5,7.9,7.6,13,Alta
Lolium perenne,Rye Grass Perenne,Perenne,Buenos Aires,Pampeana,Bermuda,Franco-arcilloso,6.4,2025-03-01,3,Marzo,20.6,102.2,58.4,NPK 15-15-15,15,15,15,Cada 2 dias,3.1,7.7,7.8,7.4,7.4,7.2,9,Alta
Lolium perenne,Rye Grass Perenne,Perenne,Tucuman,NOA,Kikuyo,Franco-arcilloso,6.2,2024-08-01,8,Agosto,11.3,6.1,77.7,Sin fertilizante,0,0,0,Diario,3.4,7.4,7.4,7.7,7.3,7.1,12,Alta
Lolium multiflorum,Rye Grass Anual,Anual,Santa Fe,Pampeana,Bermuda,Franco-limoso,6.4,2024-06-01,6,Junio,9.5,49.0,80.1,NPK 15-15-15,15,15,15,Cada 2 dias,5.5,7.8,7.7,8.0,7.5,7.8,8,Alta
Lolium perenne,Rye Grass Perenne,Perenne,Bahia Blanca,Sur,Rye Grass Perenne,Arenoso-franco,6.7,2025-07-01,7,Julio,7.3,31.6,76.1,NPK 20-10-10,20,10,10,Cada 2 dias,3.9,7.6,7.4,7.7,7.6,7.8,11,Alta
Lolium perenne,Rye Grass Perenne,Perenne,Entre Rios,Litoral,Kikuyo,Arcilloso,6.1,2024-04-01,4,Abril,19.3,84.4,52.7,NPK 20-10-10,20,10,10,Diario,3.9,8.9,8.8,8.8,9.0,8.8,11,Alta
Lolium multiflorum,Rye Grass Anual,Anual,Rosario,Pampeana,Bermuda,Franco-limoso,6.5,2024-07-01,7,Julio,9.0,41.3,61.1,Sin fertilizante,0,0,0,Cada 3 dias,5.5,6.8,6.7,6.4,6.7,6.1,7,Media
Lolium multiflorum,Rye Grass Anual,Anual,La Plata,Pampeana,Bermuda,Arcillo-limoso,6.5,2024-05-01,5,Mayo,12.8,92.1,83.8,Sin fertilizante,0,0,0,Diario,5.0,8.0,8.3,7.7,7.9,7.7,7,Alta
Lolium multiflorum,Rye Grass Anual,Anual,Rosario,Pampeana,Bermuda,Franco-limoso,6.7,2024-08-01,8,Agosto,10.1,38.3,69.0,Urea (N puro),46,0,0,Cada 2 dias,5.3,7.1,6.8,7.6,6.8,6.7,8,Alta
Lolium perenne,Rye Grass Perenne,Perenne,Santa Fe,Pampeana,Bermuda,Franco-limoso,6.9,2025-08-01,8,Agosto,11.2,40.0,67.2,Urea (N puro),46,0,0,Cada 3 dias,3.2,7.7,8.0,7.8,7.7,7.2,12,Alta
Lolium perenne,Rye Grass Perenne,Perenne,Mar del Plata,Sur,Rye Grass Perenne,Franco,7.1,2025-05-01,5,Mayo,9.8,59.1,65.8,Urea (N puro),46,0,0,Diario,3.3,8.1,8.3,8.3,7.9,8.1,11,Alta
Lolium multiflorum,Rye Grass Anual,Anual,La Plata,Pampeana,Bermuda,Arcillo-limoso,6.3,2024-08-01,8,Agosto,9.5,67.2,63.1,Sin fertilizante,0,0,0,Cada 3 dias,5.4,6.9,6.7,7.0,7.0,6.8,7,Media
Lolium multiflorum,Rye Grass Anual,Anual,Tucuman,NOA,Kikuyo,Franco-arcilloso,6.9,2025-03-01,3,Marzo,25.1,157.0,68.6,NPK 15-15-15,15,15,15,Diario,4.8,7.5,7.6,,7.2,7.1,4,Alta
Lolium multiflorum,Rye Grass Anual,Anual,Cordoba,Pampeana,Bermuda,Franco,6.8,2024-05-01,5,Mayo,11.9,22.2,60.9,Sin fertilizante,0,0,0,Cada 3 dias,4.6,7.0,6.8,6.7,7.0,6.5,8,Alta
Lolium multiflorum,Rye Grass Anual,Anual,Tucuman,NOA,Kikuyo,Franco-arcilloso,6.5,2024-08-01,8,Agosto,13.6,9.5,69.8,NPK 15-15-15,15,15,15,Diario,5.3,7.0,6.8,7.0,7.1,6.9,7,Alta
Lolium perenne,Rye Grass Perenne,Perenne,Cordoba,Pampeana,Bermuda,Franco,6.7,2024-03-01,3,Marzo,23.0,105.2,69.1,Urea (N puro),46,0,0,Diario,3.1,7.6,8.1,7.4,7.9,7.8,7,Alta
Lolium perenne,Rye Grass Perenne,Perenne,Mar del Plata,Sur,Rye Grass Perenne,Franco,7.1,2024-06-01,6,Junio,6.7,66.6,83.0,NPK 15-15-15,15,15,15,Cada 2 dias,3.6,7.6,7.8,7.6,7.7,7.4,13,Alta
Lolium perenne,Rye Grass Perenne,Perenne,Bahia Blanca,Sur,Rye Grass Perenne,Arenoso-franco,6.1,2024-06-01,6,Junio,8.6,23.2,60.4,Sin fertilizante,0,0,0,Cada 2 dias,3.6,7.5,7.6,7.8,7.9,7.2,13,Alta
Lolium perenne,Rye Grass Perenne,Perenne,Rosario,Pampeana,Bermuda,Franco-limoso,6.7,2024-05-01,5,Mayo,14.9,56.8,81.6,NPK 15-15-15,15,15,15,Diario,3.3,9.0,9.0,8.6,8.7,8.5,9,Alta
Lolium perenne,Rye Grass Perenne,Perenne,Cordoba,Pampeana,Bermuda,Franco,6.7,2024-05-01,5,Mayo,10.4,46.5,56.2,NPK 20-10-10,20,10,10,Cada 2 dias,3.4,8.9,8.9,9.0,8.7,8.5,13,Alta
Lolium multiflorum,Rye Grass Anual,Anual,Santa Fe,Pampeana,Bermuda,Franco-limoso,6.3,2025-06-01,6,Junio,12.2,24.9,70.0,NPK 15-15-15,15,15,15,Diario,5.2,7.6,7.5,7.5,7.4,7.3,6,Alta
Lolium multiflorum,Rye Grass Anual,Anual,Santa Fe,Pampeana,Bermuda,Franco-limoso,6.4,2025-03-01,3,Marzo,21.8,102.2,75.6,Urea (N puro),46,0,0,Diario,4.9,6.7,6.8,6.6,6.9,6.1,4,Media
Lolium perenne,Rye Grass Perenne,Perenne,Santa Fe,Pampeana,Bermuda,Franco-limoso,6.3,2024-05-01,5,Mayo,11.7,56.2,51.0,Urea (N puro),46,0,0,Cada 3 dias,4.0,8.6,8.5,8.8,8.7,8.0,11,Alta
Lolium perenne,Rye Grass Perenne,Perenne,La Plata,Pampeana,Bermuda,Arcillo-limoso,6.6,2025-07-01,7,Julio,8.3,42.2,81.3,NPK 15-15-15,15,15,15,Cada 3 dias,3.7,8.1,7.9,8.3,7.9,7.3,10,Alta
Lolium multiflorum,Rye Grass Anual,Anual,Bahia Blanca,Sur,Rye Grass Perenne,Arenoso-franco,6.0,2024-04-01,4,Abril,16.8,65.9,69.2,NPK 20-10-10,20,10,10,Diario,5.2,8.1,7.8,8.2,8.3,7.6,7,Alta
Lolium multiflorum,Rye Grass Anual,Anual,Rosario,Pampeana,Bermuda,Franco-limoso,6.5,2025-06-01,6,Junio,8.6,28.0,52.3,Urea (N puro),46,0,0,Diario,5.6,7.3,7.9,7.2,7.3,6.8,8,Alta
Lolium multiflorum,Rye Grass Anual,Anual,Rosario,Pampeana,Bermuda,Franco-limoso,6.8,2024-04-01,4,Abril,18.0,91.1,55.3,Sin fertilizante,0,0,0,Cada 2 dias,5.2,7.8,7.7,8.1,8.2,7.8,5,Alta
Lolium perenne,Rye Grass Perenne,Perenne,Buenos Aires,Pampeana,Bermuda,Franco-arcilloso,6.1,2025-03-01,3,Marzo,19.2,111.1,62.0,NPK 20-10-10,20,10,10,Cada 2 dias,3.4,8.0,8.4,,8.1,8.3,11,Alta
Lolium multiflorum,Rye Grass Anual,Anual,La Plata,Pampeana,Bermuda,Arcillo-limoso,6.5,2024-04-01,4,Abril,16.4,95.8,74.4,NPK 15-15-15,15,15,15,Cada 2 dias,4.7,8.3,8.2,8.2,8.4,7.9,5,Alta
Lolium perenne,Rye Grass Perenne,Perenne,Buenos Aires,Pampeana,Bermuda,Franco-arcilloso,6.1,2025-07-01,7,Julio,7.9,53.4,71.9,Urea (N puro),46,0,0,Diario,2.7,7.9,7.9,7.8,8.2,7.8,14,Alta
Lolium perenne,Rye Grass Perenne,Perenne,Santa Fe,Pampeana,Bermuda,Franco-limoso,6.1,2025-08-01,8,Agosto,12.3,33.9,79.8,Urea (N puro),46,0,0,Cada 2 dias,3.3,7.8,7.6,7.7,7.6,7.6,12,Alta
Lolium perenne,Rye Grass Perenne,Perenne,Buenos Aires,Pampeana,Bermuda,Franco-arcilloso,6.1,2025-04-01,4,Abril,18.1,93.2,70.0,Urea (N puro),46,0,0,Diario,3.5,8.3,8.4,8.4,8.1,7.9,9,Alta
Lolium perenne,Rye Grass Perenne,Perenne,Rosario,Pampeana,Bermuda,Franco-limoso,6.8,2025-08-01,8,Agosto,11.3,33.8,52.5,Urea (N puro),46,0,0,Diario,3.4,7.9,7.8,8.1,8.2,7.7,12,Alta
Lolium multiflorum,Rye Grass Anual,Anual,Mar del Plata,Sur,Rye Grass Perenne,Franco,6.7,2025-08-01,8,Agosto,6.6,51.4,72.2,Sin fertilizante,0,0,0,Diario,5.1,6.1,6.4,5.9,6.4,5.9,10,Media
Lolium multiflorum,Rye Grass Anual,Anual,Rosario,Pampeana,Bermuda,Franco-limoso,6.8,2025-03-01,3,Marzo,24.7,112.0,83.9,Sin fertilizante,0,0,0,Diario,5.1,6.7,6.7,6.3,6.6,6.7,4,Media
Lolium perenne,Rye Grass Perenne,Perenne,Santa Fe,Pampeana,Bermuda,Franco-limoso,6.4,2025-06-01,6,Junio,11.4,51.6,69.2,NPK 20-10-10,20,10,10,Diario,3.6,8.3,8.4,8.7,8.2,7.7,11,Alta
Lolium multiflorum,Rye Grass Anual,Anual,Mar del Plata,Sur,Rye Grass Perenne,Franco,6.7,2025-03-01,3,Marzo,17.7,72.0,79.1,NPK 20-10-10,20,10,10,Cada 3 dias,5.2,7.7,7.6,7.2,7.6,7.6,5,Alta
Lolium multiflorum,Rye Grass Anual,Anual,Bahia Blanca,Sur,Rye Grass Perenne,Arenoso-franco,6.0,2025-04-01,4,Abril,16.2,67.0,53.3,Urea (N puro),46,0,0,Cada 3 dias,4.8,7.9,7.9,8.2,8.0,8.4,6,Alta
Lolium perenne,Rye Grass Perenne,Perenne,Buenos Aires,Pampeana,Bermuda,Franco-arcilloso,6.3,2024-03-01,3,Marzo,22.6,110.1,70.3,NPK 20-10-10,20,10,10,Diario,3.5,7.6,7.6,7.6,7.6,7.3,9,Alta
Lolium multiflorum,Rye Grass Anual,Anual,Santa Fe,Pampeana,Bermuda,Franco-limoso,6.6,2024-04-01,4,Abril,14.4,104.6,79.2,Urea (N puro),46,0,0,Diario,5.5,8.1,8.4,8.6,8.1,7.9,8,Alta
Lolium perenne,Rye Grass Perenne,Perenne,Cordoba,Pampeana,Bermuda,Franco,6.8,2025-08-01,8,Agosto,9.2,7.8,73.2,NPK 20-10-10,20,10,10,Diario,3.8,7.9,7.8,7.8,7.8,7.1,13,Alta
Lolium perenne,Rye Grass Perenne,Perenne,Santa Fe,Pampeana,Bermuda,Franco-limoso,6.7,2025-08-01,8,Agosto,9.6,45.7,51.1,NPK 20-10-10,20,10,10,Diario,3.2,7.9,8.0,8.4,8.0,,13,Alta
Lolium perenne,Rye Grass Perenne,Perenne,Mendoza,Cuyo,Bermuda,Arenoso,6.2,2024-06-01,6,Junio,7.7,23.0,51.4,NPK 20-10-10,20,10,10,Cada 2 dias,3.1,7.9,8.2,7.8,8.3,7.1,14,Alta
Lolium perenne,Rye Grass Perenne,Perenne,Santa Fe,Pampeana,Bermuda,Franco-limoso,6.5,2025-06-01,6,Junio,11.1,9.5,59.1,NPK 15-15-15,15,15,15,Cada 3 dias,3.4,8.1,8.2,8.3,8.1,7.7,12,Alta
Lolium perenne,Rye Grass Perenne,Perenne,La Plata,Pampeana,Bermuda,Arcillo-limoso,5.8,2024-06-01,6,Junio,9.5,63.3,80.3,NPK 15-15-15,15,15,15,Diario,3.5,8.4,8.7,8.5,8.3,8.2,12,Alta
Lolium perenne,Rye Grass Perenne,Perenne,Mendoza,Cuyo,Bermuda,Arenoso,5.8,2025-03-01,3,Marzo,22.9,16.5,74.1,NPK 15-15-15,15,15,15,Cada 2 dias,3.8,7.0,7.2,7.0,7.0,6.6,9,Alta
Lolium multiflorum,Rye Grass Anual,Anual,Mendoza,Cuyo,Bermuda,Arenoso,6.3,2024-07-01,7,Julio,5.6,0.0,69.7,NPK 15-15-15,15,15,15,Cada 2 dias,5.1,6.7,6.4,6.9,6.7,6.5,9,Media
Lolium perenne,Rye Grass Perenne,Perenne,Bahia Blanca,Sur,Rye Grass Perenne,Arenoso-franco,6.5,2024-08-01,8,Agosto,9.7,29.7,69.5,NPK 15-15-15,15,15,15,Cada 3 dias,3.7,7.5,7.5,7.1,7.3,7.3,11,Alta
Lolium multiflorum,Rye Grass Anual,Anual,Santa Fe,Pampeana,Bermuda,Franco-limoso,6.7,2025-05-01,5,Mayo,12.2,51.4,65.7,NPK 15-15-15,15,15,15,Diario,5.0,8.3,8.3,8.3,8.1,8.0,8,Alta
Lolium perenne,Rye Grass Perenne,Perenne,Entre Rios,Litoral,Kikuyo,Arcilloso,6.1,2024-05-01,5,Mayo,14.0,82.2,79.5,NPK 15-15-15,15,15,15,Diario,3.4,8.7,8.6,8.2,8.9,7.7,13,Alta
Lolium perenne,Rye Grass Perenne,Perenne,Mar del Plata,Sur,Rye Grass Perenne,Franco,6.7,2024-06-01,6,Junio,8.1,68.2,72.9,NPK 20-10-10,20,10,10,Cada 3 dias,3.1,7.9,7.8,7.9,8.1,7.1,13,Alta
Lolium perenne,Rye Grass Perenne,Perenne,La Plata,Pampeana,Bermuda,Arcillo-limoso,6.4,2025-07-01,7,Julio,9.5,36.5,61.3,NPK 20-10-10,20,10,10,Cada 3 dias,3.2,7.7,7.7,8.0,7.9,8.0,12,Alta
Lolium multiflorum,Rye Grass Anual,Anual,Rosario,Pampeana,Bermuda,Franco-limoso,6.6,2025-07-01,7,Julio,8.8,32.2,79.8,Urea (N puro),46,0,0,Cada 2 dias,5.4,7.5,7.2,7.6,7.5,7.2,8,Alta
Lolium multiflorum,Rye Grass Anual,Anual,Rosario,Pampeana,Bermuda,Franco-limoso,6.8,2024-04-01,4,Abril,18.7,67.9,65.8,NPK 20-10-10,20,10,10,Cada 3 dias,5.5,7.5,7.5,7.5,7.3,6.8,6,Alta
Lolium multiflorum,Rye Grass Anual,Anual,Entre Rios,Litoral,Kikuyo,Arcilloso,6.0,2024-07-01,7,Julio,8.3,38.7,65.5,Urea (N puro),46,0,0,Diario,5.1,7.4,7.5,7.3,7.6,6.3,9,Alta
Lolium multiflorum,Rye Grass Anual,Anual,Mar del Plata,Sur,Rye Grass Perenne,Franco,6.6,2024-06-01,6,Junio,5.9,44.2,67.2,Urea (N puro),46,0,0,Diario,4.8,6.9,6.5,7.0,6.9,6.8,8,Media
Lolium multiflorum,Rye Grass Anual,Anual,Bahia Blanca,Sur,Rye Grass Perenne,Arenoso-franco,6.1,2025-03-01,3,Marzo,20.6,67.7,50.5,NPK 15-15-15,15,15,15,Diario,4.8,7.2,7.0,7.2,7.1,7.1,6,Alta
Lolium perenne,Rye Grass Perenne,Perenne,Bahia Blanca,Sur,Rye Grass Perenne,Arenoso-franco,6.1,2024-06-01,6,Junio,6.8,33.8,78.7,NPK 15-15-15,15,15,15,Diario,4.0,7.6,,,7.9,7.6,11,Alta
Lolium perenne,Rye Grass Perenne,Perenne,Bahia Blanca,Sur,Rye Grass Perenne,Arenoso-franco,6.4,2024-03-01,3,Marzo,20.2,76.3,58.2,Sin fertilizante,0,0,0,Cada 2 dias,3.7,7.2,7.1,7.1,7.3,7.2,8,Alta
Lolium multiflorum,Rye Grass Anual,Anual,La Plata,Pampeana,Bermuda,Arcillo-limoso,6.2,2025-04-01,4,Abril,16.0,96.6,85.0,Urea (N puro),46,0,0,Cada 3 dias,5.6,8.0,7.7,8.0,7.9,7.5,6,Alta
Lolium perenne,Rye Grass Perenne,Perenne,Entre Rios,Litoral,Kikuyo,Arcilloso,6.3,2024-04-01,4,Abril,16.8,104.0,60.3,NPK 20-10-10,20,10,10,Diario,3.4,9.0,9.0,8.6,8.9,8.7,10,Alta
Lolium perenne,Rye Grass Perenne,Perenne,Rosario,Pampeana,Bermuda,Franco-limoso,6.6,2025-04-01,4,Abril,18.0,77.7,78.3,Sin fertilizante,0,0,0,Cada 3 dias,3.6,8.2,8.5,8.2,8.1,8.0,10,Alta
Lolium multiflorum,Rye Grass Anual,Anual,Mar del Plata,Sur,Rye Grass Perenne,Franco,7.0,2024-07-01,7,Julio,6.6,58.6,77.7,Sin fertilizante,0,0,0,Cada 3 dias,4.6,6.5,6.7,6.6,7.0,6.4,9,Media
Lolium multiflorum,Rye Grass Anual,Anual,Buenos Aires,Pampeana,Bermuda,Franco-arcilloso,7.0,2024-03-01,3,Marzo,20.9,102.8,70.4,NPK 15-15-15,15,15,15,Cada 2 dias,4.8,7.8,7.7,7.7,7.8,7.4,7,Alta
Lolium perenne,Rye Grass Perenne,Perenne,Tucuman,NOA,Kikuyo,Franco-arcilloso,6.1,2024-06-01,6,Junio,13.1,14.1,84.7,NPK 20-10-10,20,10,10,Diario,3.1,8.2,8.4,8.6,8.1,7.8,11,Alta
Lolium multiflorum,Rye Grass Anual,Anual,La Plata,Pampeana,Bermuda,Arcillo-limoso,6.4,2024-05-01,5,Mayo,12.7,96.8,59.0,Sin fertilizante,0,0,0,Cada 3 dias,5.3,7.4,7.2,7.3,7.7,,7,Alta
Lolium perenne,Rye Grass Perenne,Perenne,Buenos Aires,Pampeana,Bermuda,Franco-arcilloso,6.5,2025-08-01,8,Agosto,9.7,78.2,70.9,Urea (N puro),46,0,0,Cada 3 dias,3.6,7.4,7.2,7.5,7.4,7.1,13,Alta
Lolium multiflorum,Rye Grass Anual,Anual,Buenos Aires,Pampeana,Bermuda,Franco-arcilloso,6.3,2025-05-01,5,Mayo,13.0,76.7,66.1,NPK 20-10-10,20,10,10,Cada 2 dias,5.1,8.5,8.5,,8.7,8.0,7,Alta
Lolium multiflorum,Rye Grass Anual,Anual,Mendoza,Cuyo,Bermuda,Arenoso,5.9,2025-04-01,4,Abril,17.2,13.5,52.4,NPK 20-10-10,20,10,10,Cada 3 dias,5.0,7.8,7.7,7.6,8.1,7.2,4,Alta
Lolium perenne,Rye Grass Perenne,Perenne,Buenos Aires,Pampeana,Bermuda,Franco-arcilloso,6.3,2025-06-01,6,Junio,8.5,63.4,69.1,NPK 15-15-15,15,15,15,Diario,3.7,7.6,8.0,7.8,7.2,8.0,15,Alta
Lolium multiflorum,Rye Grass Anual,Anual,La Plata,Pampeana,Bermuda,Arcillo-limoso,6.4,2024-06-01,6,Junio,10.1,79.1,74.8,Urea (N puro),46,0,0,Diario,5.0,8.0,8.0,8.2,7.7,7.5,6,Alta
Lolium multiflorum,Rye Grass Anual,Anual,Cordoba,Pampeana,Bermuda,Franco,7.1,2025-08-01,8,Agosto,8.9,14.1,84.6,NPK 15-15-15,15,15,15,Diario,4.8,7.0,7.1,6.8,6.8,,8,Alta
Lolium multiflorum,Rye Grass Anual,Anual,Cordoba,Pampeana,Bermuda,Franco,6.5,2025-07-01,7,Julio,8.5,14.3,67.5,NPK 20-10-10,20,10,10,Diario,4.9,7.1,7.2,7.1,7.1,6.8,9,Alta
Lolium perenne,Rye Grass Perenne,Perenne,Mendoza,Cuyo,Bermuda,Arenoso,6.3,2025-04-01,4,Abril,16.3,31.2,59.0,Urea (N puro),46,0,0,Cada 2 dias,3.2,8.3,7.8,8.0,8.1,,10,Alta
Lolium perenne,Rye Grass Perenne,Perenne,Tucuman,NOA,Kikuyo,Franco-arcilloso,6.5,2024-04-01,4,Abril,20.0,55.9,68.7,NPK 15-15-15,15,15,15,Cada 2 dias,3.5,8.1,8.4,8.2,8.4,7.7,10,Alta
Lolium multiflorum,Rye Grass Anual,Anual,Bahia Blanca,Sur,Rye Grass Perenne,Arenoso-franco,6.4,2025-04-01,4,Abril,15.1,36.2,73.8,Urea (N puro),46,0,0,Diario,5.0,8.0,8.3,8.1,8.1,7.5,7,Alta
Lolium perenne,Rye Grass Perenne,Perenne,Buenos Aires,Pampeana,Bermuda,Franco-arcilloso,6.6,2024-03-01,3,Marzo,19.2,103.0,52.0,NPK 20-10-10,20,10,10,Diario,3.6,8.4,8.5,8.3,8.1,7.7,10,Alta
Lolium multiflorum,Rye Grass Anual,Anual,Tucuman,NOA,Kikuyo,Franco-arcilloso,6.5,2024-05-01,5,Mayo,15.4,18.3,52.0,NPK 15-15-15,15,15,15,Cada 3 dias,4.7,7.8,8.0,7.8,8.0,7.8,7,Alta
Lolium multiflorum,Rye Grass Anual,Anual,Mendoza,Cuyo,Bermuda,Arenoso,6.0,2024-03-01,3,Marzo,22.7,24.5,55.3,Sin fertilizante,0,0,0,Cada 2 dias,4.8,6.7,6.8,6.6,6.9,6.8,4,Media
Lolium multiflorum,Rye Grass Anual,Anual,Entre Rios,Litoral,Kikuyo,Arcilloso,5.9,2024-04-01,4,Abril,19.4,79.0,77.2,NPK 20-10-10,20,10,10,Cada 3 dias,5.4,7.9,8.0,7.9,7.8,7.4,4,Alta
Lolium multiflorum,Rye Grass Anual,Anual,Entre Rios,Litoral,Kikuyo,Arcilloso,5.8,2024-08-01,8,Agosto,13.0,40.4,71.9,Urea (N puro),46,0,0,Diario,4.8,7.2,7.0,7.4,7.4,6.7,7,Alta
Lolium multiflorum,Rye Grass Anual,Anual,Mar del Plata,Sur,Rye Grass Perenne,Franco,6.3,2024-07-01,7,Julio,6.3,43.2,75.8,NPK 20-10-10,20,10,10,Cada 2 dias,4.9,6.8,6.3,6.9,6.8,6.8,8,Media
Lolium multiflorum,Rye Grass Anual,Anual,Rosario,Pampeana,Bermuda,Franco-limoso,6.5,2024-03-01,3,Marzo,22.8,112.7,68.7,NPK 15-15-15,15,15,15,Cada 2 dias,5.1,7.1,7.3,7.1,6.9,6.8,4,Alta
Lolium multiflorum,Rye Grass Anual,Anual,Santa Fe,Pampeana,Bermuda,Franco-limoso,6.4,2025-03-01,3,Marzo,22.9,119.8,71.7,NPK 15-15-15,15,15,15,Cada 3 dias,4.8,6.7,6.6,6.5,6.7,6.5,6,Media
Lolium multiflorum,Rye Grass Anual,Anual,Buenos Aires,Pampeana,Bermuda,Franco-arcilloso,6.6,2024-04-01,4,Abril,15.5,111.4,52.0,Sin fertilizante,0,0,0,Diario,5.0,8.1,8.3,7.8,8.2,8.3,6,Alta
Lolium multiflorum,Rye Grass Anual,Anual,Entre Rios,Litoral,Kikuyo,Arcilloso,6.2,2024-07-01,7,Julio,10.3,44.7,70.4,Sin fertilizante,0,0,0,Cada 3 dias,5.2,6.7,6.8,6.8,6.7,6.2,7,Media
Lolium perenne,Rye Grass Perenne,Perenne,Cordoba,Pampeana,Bermuda,Franco,6.6,2025-05-01,5,Mayo,10.7,12.7,55.5,Urea (N puro),46,0,0,Diario,3.3,8.9,9.0,8.8,9.0,8.5,12,Alta
Lolium multiflorum,Rye Grass Anual,Anual,Tucuman,NOA,Kikuyo,Franco-arcilloso,6.7,2025-03-01,3,Marzo,25.2,148.4,58.0,NPK 20-10-10,20,10,10,Cada 3 dias,4.3,6.9,7.2,6.6,7.0,6.5,4,Media
Lolium perenne,Rye Grass Perenne,Perenne,Bahia Blanca,Sur,Rye Grass Perenne,Arenoso-franco,6.3,2024-03-01,3,Marzo,19.1,73.8,84.2,Sin fertilizante,0,0,0,Cada 2 dias,3.3,7.3,7.1,7.3,7.2,6.7,10,Alta
Lolium perenne,Rye Grass Perenne,Perenne,La Plata,Pampeana,Bermuda,Arcillo-limoso,6.6,2025-03-01,3,Marzo,20.1,89.1,50.7,NPK 15-15-15,15,15,15,Diario,3.3,8.1,7.9,7.9,8.1,7.2,11,Alta
Lolium multiflorum,Rye Grass Anual,Anual,Tucuman,NOA,Kikuyo,Franco-arcilloso,6.5,2024-04-01,4,Abril,19.9,63.2,73.4,NPK 15-15-15,15,15,15,Cada 3 dias,4.8,7.5,7.4,7.6,7.4,7.1,5,Alta
Lolium perenne,Rye Grass Perenne,Perenne,Cordoba,Pampeana,Bermuda,Franco,6.9,2024-08-01,8,Agosto,8.1,18.5,81.5,Urea (N puro),46,0,0,Diario,3.4,7.7,7.8,7.7,7.8,6.9,11,Alta
Lolium multiflorum,Rye Grass Anual,Anual,Entre Rios,Litoral,Kikuyo,Arcilloso,5.8,2025-06-01,6,Junio,10.8,36.5,70.6,Sin fertilizante,0,0,0,Cada 2 dias,4.5,6.6,6.8,7.0,6.6,6.2,9,Media
Lolium perenne,Rye Grass Perenne,Perenne,Bahia Blanca,Sur,Rye Grass Perenne,Arenoso-franco,6.3,2025-04-01,4,Abril,15.1,44.1,84.3,Urea (N puro),46,0,0,Cada 2 dias,2.7,8.5,8.6,8.8,8.6,8.2,11,Alta
Lolium multiflorum,Rye Grass Anual,Anual,La Plata,Pampeana,Bermuda,Arcillo-limoso,6.6,2024-06-01,6,Junio,8.9,65.0,73.5,NPK 15-15-15,15,15,15,Cada 2 dias,5.2,7.9,,8.3,7.8,7.7,8,Alta
Lolium multiflorum,Rye Grass Anual,Anual,Cordoba,Pampeana,Bermuda,Franco,6.7,2025-08-01,8,Agosto,9.8,28.4,70.7,Sin fertilizante,0,0,0,Diario,5.0,7.2,7.3,7.1,7.3,7.3,8,Alta
Lolium perenne,Rye Grass Perenne,Perenne,Tucuman,NOA,Kikuyo,Franco-arcilloso,6.6,2025-08-01,8,Agosto,11.3,11.6,68.2,NPK 15-15-15,15,15,15,Cada 2 dias,3.3,8.5,8.3,8.1,8.4,7.6,12,Alta
Lolium multiflorum,Rye Grass Anual,Anual,Mar del Plata,Sur,Rye Grass Perenne,Franco,6.8,2024-06-01,6,Junio,7.3,45.5,75.5,Urea (N puro),46,0,0,Cada 3 dias,5.2,7.0,7.1,7.0,6.7,6.8,8,Alta
Lolium multiflorum,Rye Grass Anual,Anual,Buenos Aires,Pampeana,Bermuda,Franco-arcilloso,6.7,2024-04-01,4,Abril,18.3,89.2,69.5,Urea (N puro),46,0,0,Diario,4.6,8.1,7.9,7.7,8.0,8.1,6,Alta
Lolium perenne,Rye Grass Perenne,Perenne,Mendoza,Cuyo,Bermuda,Arenoso,6.4,2025-03-01,3,Marzo,22.3,20.5,79.9,NPK 15-15-15,15,15,15,Cada 3 dias,3.4,7.3,7.5,7.9,7.3,7.6,8,Alta
Lolium perenne,Rye Grass Perenne,Perenne,Mendoza,Cuyo,Bermuda,Arenoso,5.8,2025-07-01,7,Julio,5.8,28.4,53.5,Sin fertilizante,0,0,0,Diario,3.4,7.0,6.8,7.0,7.0,6.7,13,Alta
Lolium multiflorum,Rye Grass Anual,Anual,Cordoba,Pampeana,Bermuda,Franco,6.6,2025-06-01,6,Junio,9.8,21.5,52.5,Urea (N puro),46,0,0,Diario,4.6,7.7,7.6,7.6,7.8,6.9,6,Alta
Lolium perenne,Rye Grass Perenne,Perenne,Mar del Plata,Sur,Rye Grass Perenne,Franco,6.9,2025-08-01,8,Agosto,7.7,54.0,84.9,Urea (N puro),46,0,0,Diario,3.8,7.8,7.8,7.9,7.9,7.2,14,Alta
Lolium perenne,Rye Grass Perenne,Perenne,Tucuman,NOA,Kikuyo,Franco-arcilloso,6.2,2025-03-01,3,Marzo,24.6,149.3,69.1,Urea (N puro),46,0,0,Diario,3.0,7.4,7.7,7.0,7.3,6.7,7,Alta
Lolium multiflorum,Rye Grass Anual,Anual,Entre Rios,Litoral,Kikuyo,Arcilloso,6.4,2024-04-01,4,Abril,18.6,92.3,83.3,Urea (N puro),46,0,0,Cada 2 dias,5.4,7.6,7.8,7.9,7.7,7.2,8,Alta
Lolium perenne,Rye Grass Perenne,Perenne,La Plata,Pampeana,Bermuda,Arcillo-limoso,6.2,2025-03-01,3,Marzo,21.4,109.8,59.5,Sin fertilizante,0,0,0,Cada 2 dias,3.9,7.2,7.2,7.3,7.4,7.5,8,Alta
Lolium multiflorum,Rye Grass Anual,Anual,Mendoza,Cuyo,Bermuda,Arenoso,6.2,2024-05-01,5,Mayo,13.9,14.5,74.6,NPK 15-15-15,15,15,15,Cada 2 dias,5.2,8.0,8.0,7.7,8.2,8.1,6,Alta
Lolium perenne,Rye Grass Perenne,Perenne,Cordoba,Pampeana,Bermuda,Franco,6.9,2024-08-01,8,Agosto,9.8,42.1,64.4,Sin fertilizante,0,0,0,Diario,4.1,7.3,7.2,,7.6,6.8,11,Alta
Lolium perenne,Rye Grass Perenne,Perenne,Santa Fe,Pampeana,Bermuda,Franco-limoso,6.8,2024-04-01,4,Abril,16.0,94.8,65.1,NPK 15-15-15,15,15,15,Cada 2 dias,3.2,9.0,9.0,8.6,9.0,8.5,10,Alta
Lolium perenne,Rye Grass Perenne,Perenne,Cordoba,Pampeana,Bermuda,Franco,6.4,2025-07-01,7,Julio,10.0,31.2,74.5,NPK 20-10-10,20,10,10,Cada 2 dias,4.2,8.2,8.1,8.3,8.0,8.1,11,Alta
Lolium perenne,Rye Grass Perenne,Perenne,Mar del Plata,Sur,Rye Grass Perenne,Franco,6.7,2025-04-01,4,Abril,14.2,66.7,70.2,Sin fertilizante,0,0,0,Cada 2 dias,3.4,8.1,7.9,7.9,7.9,7.8,10,Alta
Lolium multiflorum,Rye Grass Anual,Anual,Mar del Plata,Sur,Rye Grass Perenne,Franco,6.9,2025-04-01,4,Abril,14.1,77.0,62.8,Sin fertilizante,0,0,0,Diario,4.8,7.5,7.4,7.2,7.4,7.3,7,Alta
Lolium multiflorum,Rye Grass Anual,Anual,Santa Fe,Pampeana,Bermuda,Franco-limoso,6.8,2025-03-01,3,Marzo,23.0,113.8,59.1,Sin fertilizante,0,0,0,Cada 2 dias,5.0,6.6,6.4,6.8,6.7,6.2,5,Media
Lolium multiflorum,Rye Grass Anual,Anual,Santa Fe,Pampeana,Bermuda,Franco-limoso,6.3,2024-07-01,7,Julio,11.9,28.0,81.0,NPK 20-10-10,20,10,10,Cada 3 dias,5.4,7.7,7.5,8.0,7.6,7.5,6,Alta
Lolium multiflorum,Rye Grass Anual,Anual,La Plata,Pampeana,Bermuda,Arcillo-limoso,6.7,2024-04-01,4,Abril,15.3,120.2,51.4,Sin fertilizante,0,0,0,Cada 2 dias,5.0,7.9,7.8,8.1,7.8,7.0,6,Alta
Lolium perenne,Rye Grass Perenne,Perenne,Santa Fe,Pampeana,Bermuda,Franco-limoso,6.4,2024-03-01,3,Marzo,23.2,108.9,75.2,NPK 15-15-15,15,15,15,Cada 3 dias,3.7,8.1,7.9,8.0,8.1,8.0,7,Alta
Lolium perenne,Rye Grass Perenne,Perenne,Bahia Blanca,Sur,Rye Grass Perenne,Arenoso-franco,6.2,2025-05-01,5,Mayo,12.7,26.8,65.5,Urea (N puro),46,0,0,Cada 2 dias,3.6,8.5,8.5,8.5,8.3,8.6,13,Alta
Lolium perenne,Rye Grass Perenne,Perenne,Rosario,Pampeana,Bermuda,Franco-limoso,6.5,2025-06-01,6,Junio,11.6,47.3,71.8,Sin fertilizante,0,0,0,Cada 3 dias,3.5,7.5,7.4,7.6,7.2,7.0,10,Alta
Lolium perenne,Rye Grass Perenne,Perenne,Rosario,Pampeana,Bermuda,Franco-limoso,6.1,2025-04-01,4,Abril,17.5,78.2,55.6,Sin fertilizante,0,0,0,Cada 2 dias,3.4,8.1,8.2,7.7,8.0,8.1,9,Alta
Lolium multiflorum,Rye Grass Anual,Anual,La Plata,Pampeana,Bermuda,Arcillo-limoso,6.4,2025-04-01,4,Abril,18.1,92.4,73.3,NPK 15-15-15,15,15,15,Cada 3 dias,4.7,8.2,8.1,8.2,8.2,8.2,6,Alta
Lolium multiflorum,Rye Grass Anual,Anual,Mar del Plata,Sur,Rye Grass Perenne,Franco,6.9,2025-08-01,8,Agosto,9.8,47.9,58.2,NPK 15-15-15,15,15,15,Diario,5.4,7.4,7.3,7.7,7.5,6.6,7,Alta
Lolium multiflorum,Rye Grass Anual,Anual,Entre Rios,Litoral,Kikuyo,Arcilloso,6.3,2025-05-01,5,Mayo,13.8,63.4,53.7,Urea (N puro),46,0,0,Cada 3 dias,5.4,7.7,7.9,7.8,7.7,7.7,7,Alta
Lolium perenne,Rye Grass Perenne,Perenne,Tucuman,NOA,Kikuyo,Franco-arcilloso,6.4,2024-08-01,8,Agosto,14.2,0.0,62.3,NPK 15-15-15,15,15,15,Cada 3 dias,3.5,7.8,7.5,7.9,7.8,7.4,11,Alta
Lolium perenne,Rye Grass Perenne,Perenne,Santa Fe,Pampeana,Bermuda,Franco-limoso,6.7,2024-03-01,3,Marzo,21.7,118.2,52.3,Urea (N puro),46,0,0,Cada 2 dias,4.0,7.3,7.1,7.5,7.1,6.6,10,Alta
Lolium multiflorum,Rye Grass Anual,Anual,Mendoza,Cuyo,Bermuda,Arenoso,6.4,2024-04-01,4,Abril,16.3,17.0,77.9,NPK 15-15-15,15,15,15,Cada 3 dias,5.1,7.7,7.5,8.2,7.7,8.1,8,Alta
Lolium multiflorum,Rye Grass Anual,Anual,Entre Rios,Litoral,Kikuyo,Arcilloso,6.0,2024-07-01,7,Julio,11.8,26.9,55.6,NPK 20-10-10,20,10,10,Cada 3 dias,4.6,7.8,7.6,8.1,7.5,7.6,7,Alta
Lolium multiflorum,Rye Grass Anual,Anual,Mar del Plata,Sur,Rye Grass Perenne,Franco,6.6,2024-05-01,5,Mayo,8.4,46.4,52.2,Urea (N puro),46,0,0,Cada 2 dias,5.0,7.6,7.4,7.7,7.6,7.5,8,Alta
Lolium perenne,Rye Grass Perenne,Perenne,Entre Rios,Litoral,Kikuyo,Arcilloso,5.8,2024-07-01,7,Julio,10.0,34.1,74.1,NPK 20-10-10,20,10,10,Diario,3.4,8.1,8.2,8.6,8.1,8.3,11,Alta
Lolium perenne,Rye Grass Perenne,Perenne,Entre Rios,Litoral,Kikuyo,Arcilloso,6.0,2024-07-01,7,Julio,10.1,35.5,79.9,Urea (N puro),46,0,0,Cada 3 dias,3.2,8.2,7.9,8.1,8.5,8.0,12,Alta
Lolium multiflorum,Rye Grass Anual,Anual,Mendoza,Cuyo,Bermuda,Arenoso,6.3,2024-03-01,3,Marzo,23.2,26.2,71.1,Urea (N puro),46,0,0,Cada 3 dias,5.2,6.7,6.3,6.6,6.8,6.8,4,Media
Lolium multiflorum,Rye Grass Anual,Anual,Cordoba,Pampeana,Bermuda,Franco,6.7,2025-08-01,8,Agosto,10.1,21.7,80.0,NPK 15-15-15,15,15,15,Cada 2 dias,5.3,7.6,7.4,7.8,7.2,8.0,9,Alta
Lolium perenne,Rye Grass Perenne,Perenne,Entre Rios,Litoral,Kikuyo,Arcilloso,6.0,2025-03-01,3,Marzo,22.2,131.8,55.2,Sin fertilizante,0,0,0,Cada 2 dias,3.2,7.0,7.3,,7.0,6.8,9,Alta
Lolium multiflorum,Rye Grass Anual,Anual,Buenos Aires,Pampeana,Bermuda,Franco-arcilloso,6.8,2024-06-01,6,Junio,8.2,66.2,54.8,NPK 15-15-15,15,15,15,Cada 3 dias,5.2,7.9,7.6,8.3,7.7,7.7,8,Alta
Lolium perenne,Rye Grass Perenne,Perenne,Buenos Aires,Pampeana,Bermuda,Franco-arcilloso,6.6,2025-05-01,5,Mayo,13.0,86.2,83.9,Sin fertilizante,0,0,0,Cada 2 dias,3.4,8.5,8.6,8.6,8.6,7.9,11,Alta
Lolium multiflorum,Rye Grass Anual,Anual,Santa Fe,Pampeana,Bermuda,Franco-limoso,7.1,2025-03-01,3,Marzo,23.2,101.4,51.3,Urea (N puro),46,0,0,Cada 2 dias,4.4,6.9,6.6,,7.1,6.6,4,Media
Lolium perenne,Rye Grass Perenne,Perenne,Mar del Plata,Sur,Rye Grass Perenne,Franco,7.0,2025-04-01,4,Abril,15.3,80.4,68.2,NPK 15-15-15,15,15,15,Diario,3.4,8.7,8.2,8.6,8.5,9.0,10,Alta
Lolium multiflorum,Rye Grass Anual,Anual,Rosario,Pampeana,Bermuda,Franco-limoso,6.8,2024-06-01,6,Junio,9.5,42.5,75.5,NPK 15-15-15,15,15,15,Cada 3 dias,4.6,7.2,7.3,7.0,7.3,7.4,7,Alta
Lolium multiflorum,Rye Grass Anual,Anual,Entre Rios,Litoral,Kikuyo,Arcilloso,6.0,2024-06-01,6,Junio,12.4,66.2,63.7,Urea (N puro),46,0,0,Cada 2 dias,5.0,7.5,,7.5,7.7,7.0,9,Alta
Lolium perenne,Rye Grass Perenne,Perenne,Rosario,Pampeana,Bermuda,Franco-limoso,6.9,2024-06-01,6,Junio,8.4,39.2,56.0,Sin fertilizante,0,0,0,Cada 3 dias,3.4,7.1,7.1,6.8,7.2,6.7,12,Alta
Lolium multiflorum,Rye Grass Anual,Anual,Tucuman,NOA,Kikuyo,Franco-arcilloso,6.5,2024-06-01,6,Junio,13.2,0.8,53.5,NPK 15-15-15,15,15,15,Cada 3 dias,4.8,7.5,7.3,7.6,7.5,7.4,8,Alta
Lolium multiflorum,Rye Grass Anual,Anual,Entre Rios,Litoral,Kikuyo,Arcilloso,6.1,2025-06-01,6,Junio,11.3,42.9,59.9,NPK 20-10-10,20,10,10,Cada 3 dias,4.7,7.3,7.7,7.3,7.5,6.5,10,Alta
Lolium multiflorum,Rye Grass Anual,Anual,Mendoza,Cuyo,Bermuda,Arenoso,6.1,2024-03-01,3,Marzo,21.0,23.1,55.9,NPK 15-15-15,15,15,15,Diario,5.0,7.1,6.9,7.1,7.0,6.0,4,Alta
Lolium multiflorum,Rye Grass Anual,Anual,Cordoba,Pampeana,Bermuda,Franco,6.7,2025-05-01,5,Mayo,12.8,53.6,53.6,NPK 15-15-15,15,15,15,Cada 3 dias,5.4,7.8,7.7,7.9,7.7,7.1,6,Alta
Lolium perenne,Rye Grass Perenne,Perenne,Buenos Aires,Pampeana,Bermuda,Franco-arcilloso,6.7,2024-07-01,7,Julio,8.0,46.4,50.5,Urea (N puro),46,0,0,Cada 3 dias,3.5,7.4,7.5,7.2,7.4,6.5,13,Alta
Lolium multiflorum,Rye Grass Anual,Anual,Mendoza,Cuyo,Bermuda,Arenoso,6.3,2025-04-01,4,Abril,16.1,13.2,55.7,NPK 15-15-15,15,15,15,Cada 3 dias,4.4,7.5,7.5,7.2,7.4,6.8,6,Alta
Lolium multiflorum,Rye Grass Anual,Anual,Bahia Blanca,Sur,Rye Grass Perenne,Arenoso-franco,6.1,2025-05-01,5,Mayo,11.0,28.4,70.4,Sin fertilizante,0,0,0,Diario,5.2,7.1,7.0,6.9,7.3,6.4,8,Alta
Lolium perenne,Rye Grass Perenne,Perenne,La Plata,Pampeana,Bermuda,Arcillo-limoso,6.3,2025-04-01,4,Abril,17.2,83.2,52.3,Sin fertilizante,0,0,0,Diario,3.1,8.3,8.4,8.0,8.5,7.7,9,Alta
Lolium perenne,Rye Grass Perenne,Perenne,Entre Rios,Litoral,Kikuyo,Arcilloso,6.1,2024-05-01,5,Mayo,14.7,75.7,66.6,NPK 15-15-15,15,15,15,Cada 2 dias,3.2,8.6,8.6,8.1,8.3,8.8,12,Alta
Lolium multiflorum,Rye Grass Anual,Anual,Tucuman,NOA,Kikuyo,Franco-arcilloso,6.4,2025-03-01,3,Marzo,25.6,144.6,79.4,NPK 20-10-10,20,10,10,Cada 3 dias,5.0,6.7,,6.8,6.5,6.5,4,Media
Lolium multiflorum,Rye Grass Anual,Anual,Cordoba,Pampeana,Bermuda,Franco,6.8,2025-07-01,7,Julio,7.8,18.1,50.7,NPK 20-10-10,20,10,10,Cada 3 dias,5.0,6.7,6.4,6.2,6.6,6.4,8,Media
Lolium multiflorum,Rye Grass Anual,Anual,Entre Rios,Litoral,Kikuyo,Arcilloso,6.1,2024-07-01,7,Julio,9.6,43.5,59.0,Sin fertilizante,0,0,0,Diario,4.8,7.0,7.1,6.8,6.6,6.4,8,Alta
Lolium perenne,Rye Grass Perenne,Perenne,Entre Rios,Litoral,Kikuyo,Arcilloso,6.2,2024-06-01,6,Junio,10.4,53.7,78.3,Sin fertilizante,0,0,0,Diario,3.9,7.7,7.5,7.5,7.5,7.3,13,Alta
Lolium perenne,Rye Grass Perenne,Perenne,Santa Fe,Pampeana,Bermuda,Franco-limoso,6.5,2024-03-01,3,Marzo,21.6,121.9,74.0,Sin fertilizante,0,0,0,Diario,3.7,7.3,7.5,7.6,7.5,6.4,9,Alta
Lolium perenne,Rye Grass Perenne,Perenne,Mar del Plata,Sur,Rye Grass Perenne,Franco,6.9,2025-06-01,6,Junio,7.4,48.6,66.0,NPK 15-15-15,15,15,15,Cada 3 dias,4.0,8.0,8.1,7.9,8.2,8.1,13,Alta
Lolium perenne,Rye Grass Perenne,Perenne,Rosario,Pampeana,Bermuda,Franco-limoso,6.5,2024-04-01,4,Abril,15.3,80.2,69.7,Urea (N puro),46,0,0,Cada 2 dias,3.6,8.7,8.8,8.8,9.0,8.1,10,Alta
Lolium multiflorum,Rye Grass Anual,Anual,Bahia Blanca,Sur,Rye Grass Perenne,Arenoso-franco,6.1,2024-04-01,4,Abril,15.5,58.2,54.4,NPK 15-15-15,15,15,15,Cada 2 dias,4.9,8.2,8.4,8.2,8.0,8.1,6,Alta
Lolium multiflorum,Rye Grass Anual,Anual,Entre Rios,Litoral,Kikuyo,Arcilloso,5.9,2024-08-01,8,Agosto,10.6,65.3,59.8,Urea (N puro),46,0,0,Cada 2 dias,5.2,7.2,6.9,7.4,6.9,7.0,7,Alta
Lolium multiflorum,Rye Grass Anual,Anual,Santa Fe,Pampeana,Bermuda,Franco-limoso,6.7,2024-08-01,8,Agosto,12.7,34.1,83.7,NPK 20-10-10,20,10,10,Cada 3 dias,5.3,7.0,7.0,7.3,7.1,7.0,8,Alta
Lolium perenne,Rye Grass Perenne,Perenne,Cordoba,Pampeana,Bermuda,Franco,6.8,2024-04-01,4,Abril,16.6,34.7,71.5,NPK 15-15-15,15,15,15,Cada 3 dias,3.8,8.3,8.3,8.3,8.2,8.4,10,Alta
Lolium perenne,Rye Grass Perenne,Perenne,Entre Rios,Litoral,Kikuyo,Arcilloso,6.0,2024-08-01,8,Agosto,9.9,55.9,75.0,NPK 15-15-15,15,15,15,Diario,3.6,8.3,8.9,8.5,8.3,8.2,13,Alta
Lolium multiflorum,Rye Grass Anual,Anual,Santa Fe,Pampeana,Bermuda,Franco-limoso,6.7,2025-08-01,8,Agosto,9.5,29.6,69.9,Urea (N puro),46,0,0,Cada 3 dias,4.7,7.3,7.3,7.5,7.3,6.5,7,Alta
Lolium multiflorum,Rye Grass Anual,Anual,Entre Rios,Litoral,Kikuyo,Arcilloso,6.4,2025-06-01,6,Junio,12.3,59.5,78.8,NPK 15-15-15,15,15,15,Diario,5.0,7.8,7.8,7.8,7.3,7.3,8,Alta
Lolium perenne,Rye Grass Perenne,Perenne,Entre Rios,Litoral,Kikuyo,Arcilloso,6.2,2025-03-01,3,Marzo,22.7,116.8,56.3,Urea (N puro),46,0,0,Cada 3 dias,3.5,7.6,7.5,7.9,7.5,7.7,7,Alta
Lolium perenne,Rye Grass Perenne,Perenne,Entre Rios,Litoral,Kikuyo,Arcilloso,5.9,2025-06-01,6,Junio,11.0,42.1,74.1,Urea (N puro),46,0,0,Cada 3 dias,3.2,8.1,8.1,8.2,8.4,7.6,13,Alta
Lolium perenne,Rye Grass Perenne,Perenne,Tucuman,NOA,Kikuyo,Franco-arcilloso,6.3,2024-04-01,4,Abril,20.4,73.6,78.9,Sin fertilizante,0,0,0,Cada 2 dias,3.0,7.6,7.2,7.4,7.5,7.1,9,Alta
Lolium perenne,Rye Grass Perenne,Perenne,Mendoza,Cuyo,Bermuda,Arenoso,6.3,2025-06-01,6,Junio,6.3,3.6,64.9,Urea (N puro),46,0,0,Cada 3 dias,3.4,7.3,7.6,7.3,7.4,6.6,13,Alta
Lolium perenne,Rye Grass Perenne,Perenne,Entre Rios,Litoral,Kikuyo,Arcilloso,6.4,2025-06-01,6,Junio,10.3,45.2,76.5,NPK 20-10-10,20,10,10,Diario,4.1,8.2,8.3,9.0,8.3,7.9,12,Alta
Lolium perenne,Rye Grass Perenne,Perenne,Santa Fe,Pampeana,Bermuda,Franco-limoso,6.8,2025-03-01,3,Marzo,24.2,113.2,73.6,NPK 20-10-10,20,10,10,Diario,3.4,7.9,7.7,8.0,8.0,7.9,8,Alta
Lolium perenne,Rye Grass Perenne,Perenne,Buenos Aires,Pampeana,Bermuda,Franco-arcilloso,6.4,2024-08-01,8,Agosto,10.5,66.5,55.5,Sin fertilizante,0,0,0,Cada 3 dias,3.2,7.6,7.5,7.6,7.6,7.3,12,Alta
Lolium multiflorum,Rye Grass Anual,Anual,Mar del Plata,Sur,Rye Grass Perenne,Franco,6.8,2024-06-01,6,Junio,5.9,77.4,83.2,NPK 15-15-15,15,15,15,Cada 3 dias,4.9,6.8,6.4,6.9,6.9,6.6,9,Media
Lolium perenne,Rye Grass Perenne,Perenne,Bahia Blanca,Sur,Rye Grass Perenne,Arenoso-franco,6.3,2024-08-01,8,Agosto,7.6,37.0,57.1,NPK 15-15-15,15,15,15,Cada 3 dias,3.3,7.6,7.6,7.3,7.4,7.7,14,Alta
Lolium multiflorum,Rye Grass Anual,Anual,Tucuman,NOA,Kikuyo,Franco-arcilloso,6.5,2024-06-01,6,Junio,13.9,12.1,76.3,Sin fertilizante,0,0,0,Diario,5.4,7.3,7.1,7.7,7.4,6.9,6,Alta
Lolium multiflorum,Rye Grass Anual,Anual,Tucuman,NOA,Kikuyo,Franco-arcilloso,6.5,2025-08-01,8,Agosto,16.2,0.0,52.6,Urea (N puro),46,0,0,Diario,5.0,7.3,7.2,7.3,7.4,7.0,5,Alta
Lolium perenne,Rye Grass Perenne,Perenne,Rosario,Pampeana,Bermuda,Franco-limoso,6.3,2025-07-01,7,Julio,7.5,49.3,51.8,Sin fertilizante,0,0,0,Cada 2 dias,4.0,7.2,7.3,7.4,7.5,6.7,13,Alta
Lolium multiflorum,Rye Grass Anual,Anual,La Plata,Pampeana,Bermuda,Arcillo-limoso,6.3,2025-04-01,4,Abril,16.4,109.6,73.4,Sin fertilizante,0,0,0,Diario,4.9,7.6,7.5,7.2,7.6,7.3,4,Alta
Lolium multiflorum,Rye Grass Anual,Anual,Entre Rios,Litoral,Kikuyo,Arcilloso,6.0,2024-07-01,7,Julio,9.9,38.3,55.0,Sin fertilizante,0,0,0,Cada 2 dias,4.4,7.2,7.5,6.8,7.4,6.9,9,Alta
